Date,Symbol,Open,High,Low,Close,Volume BTC,Volume USD
2019-10-17,BTCUSD,7993.54,8070,7937.01,8034.32,1570.08,12537245.82
2019-10-16,BTCUSD,8162.44,8171.59,7908.86,7993.54,8123.72,65132771.81
2019-10-15,BTCUSD,8355,8420,8085.65,8162.44,7919.56,65109952.98
2019-10-14,BTCUSD,8282.97,8409,8215.66,8355,4401.82,36575829.05
2019-10-13,BTCUSD,8309.03,8469.02,8146.47,8282.97,5459.53,45492326.33
2019-10-12,BTCUSD,8267.33,8425,8261.46,8309.03,3001.53,25023584.91
2019-10-11,BTCUSD,8587.5,8826,8226,8267.33,11975.39,101238415.25
2019-10-10,BTCUSD,8590,8660,8452.5,8587.5,7892.41,67531649.6
2019-10-09,BTCUSD,8180,8709,8121,8590,13865.37,117143751.99
2019-10-08,BTCUSD,8209,8342.97,8107.26,8180,5808.84,47674867.98
2019-10-07,BTCUSD,7859.79,8310.57,7762.35,8209,9969.38,80691163.82
2019-10-06,BTCUSD,8147.63,8176.18,7780.85,7859.79,7770.16,61753052.16
2019-10-05,BTCUSD,8156.67,8200,8020.2,8147.63,3809.86,30873507.65
2019-10-04,BTCUSD,8240.41,8241.35,8002.21,8156.67,7620.06,62078561.3
2019-10-03,BTCUSD,8381.72,8419.95,8059.22,8240.41,7550.73,62037926.73
2019-10-02,BTCUSD,8321.52,8391,8168.85,8381.72,7006.37,57883644.17
2019-10-01,BTCUSD,8304.96,8535,8200,8321.52,12133.1,101594010.63
2019-09-30,BTCUSD,8052.4,8393.23,7701,8304.96,14235.43,114990553.14
2019-09-29,BTCUSD,8217.47,8246.87,7902.96,8052.4,6911.51,55634607.52
2019-09-28,BTCUSD,8193.99,8343,8015.25,8217.47,8846.18,72162358.51
2019-09-27,BTCUSD,8060,8290,7861.02,8193.99,15793.45,127240779.09
2019-09-26,BTCUSD,8438.35,8464.08,7712.45,8060,25063.02,202894604.03
2019-09-25,BTCUSD,8530.01,8743.86,8222.01,8438.35,23161.99,195698351.99
2019-09-24,BTCUSD,9693.74,9777.16,8159.35,8530.01,31693.09,282987748.53
2019-09-23,BTCUSD,10026.8,10051.15,9609.37,9693.74,10409.03,102332904.43
2019-09-22,BTCUSD,9973.99,10097,9848.37,10026.8,5113.54,51003517.74
2019-09-21,BTCUSD,10168.85,10170.15,9917.34,9973.99,4829.81,48372943.24
2019-09-20,BTCUSD,10275.01,10309.84,10056.3,10168.85,6147.42,62522073.7
2019-09-19,BTCUSD,10155.26,10379.15,9585.86,10275.01,13548.83,134927397.8
2019-09-18,BTCUSD,10185.39,10258,10074.08,10155.26,5564.14,56681450.55
2019-09-17,BTCUSD,10262.54,10276.18,10135.44,10185.39,5710.49,58364825.36
2019-09-16,BTCUSD,10304.46,10379.98,10068.42,10262.54,7384.74,75476404.07
2019-09-15,BTCUSD,10360.25,10380,10263.39,10304.46,2735.17,28202179.16
2019-09-14,BTCUSD,10365.93,10439,10223.36,10360.25,4413.03,45673649.1
2019-09-13,BTCUSD,10423.72,10452.5,10157,10365.93,6799.62,70031660.47
2019-09-12,BTCUSD,10160.2,10460,10040,10423.72,7569.29,77805911.82
2019-09-11,BTCUSD,10093.01,10297.12,9851.97,10160.2,7694.14,77391519.96
2019-09-10,BTCUSD,10310,10389.26,9916,10093.01,7620.05,77363574.82
2019-09-09,BTCUSD,10398.97,10541.75,10059.99,10310,9351.39,96260009.31
2019-09-08,BTCUSD,10484.37,10595,10231.13,10398.97,4506.38,46958866.48
2019-09-07,BTCUSD,10308.92,10580,10304.52,10484.37,4352.96,45490740.26
2019-09-06,BTCUSD,10574.73,10939.34,10182.8,10308.92,14188.01,150243703.3
2019-09-05,BTCUSD,10581.84,10666.43,10452.15,10574.73,7307.17,77119779.28
2019-09-04,BTCUSD,10628.48,10833.14,10380,10581.84,11506.7,121635949.9
2019-09-03,BTCUSD,10381.26,10790,10280,10628.48,14521.81,153499426.59
2019-09-02,BTCUSD,9766.52,10485.48,9756.54,10381.26,11185.58,113202807.04
2019-09-01,BTCUSD,9600.86,9840,9539.58,9766.52,4028.8,38944156.72
2019-08-31,BTCUSD,9582.42,9707.48,9436.2,9600.86,3901.27,37406908.23
2019-08-30,BTCUSD,9495,9699,9337.97,9582.42,8670.66,82694923.28
2019-08-29,BTCUSD,9714.31,9717.03,9321.73,9495,13650.89,129722110.9
2019-08-28,BTCUSD,10171.85,10277,9522.93,9714.31,15611.52,154268964.17
2019-08-27,BTCUSD,10361.65,10379.87,10019.56,10171.85,7298.1,74200592.72
2019-08-26,BTCUSD,10138.72,10680,10138.72,10361.65,12057.5,125332883.46
2019-08-25,BTCUSD,10147.96,10374.85,9899.95,10138.72,6662.63,67215750.66
2019-08-24,BTCUSD,10410.85,10429,9886.26,10147.96,7386.15,74619260.38
2019-08-23,BTCUSD,10107.15,10478,10035.84,10410.85,8962.04,92546463.46
2019-08-22,BTCUSD,10130,10237.53,9759,10107.15,10555.14,105652049.01
2019-08-21,BTCUSD,10769.09,10800,9841.59,10130,16469.55,167478729.54
2019-08-20,BTCUSD,10920,10953,10555.7,10769.09,8586.19,92307368.69
2019-08-19,BTCUSD,10315.48,10938.76,10265,10920,11637.76,124054157.03
2019-08-18,BTCUSD,10217.79,10513.45,10066.66,10315.48,6722.97,69466899.58
2019-08-17,BTCUSD,10352.78,10475.82,9978,10217.79,6910.44,70811002.21
2019-08-16,BTCUSD,10300.01,10539.9,9739.99,10352.78,18938.12,192895590.9
2019-08-15,BTCUSD,10025.86,10445,9470,10300.01,26273.06,262525694.3
2019-08-14,BTCUSD,10854.92,10859.97,9888.88,10025.86,23138.76,239583955.97
2019-08-13,BTCUSD,11389.28,11438.39,10746,10854.92,12011.52,132286888.8
2019-08-12,BTCUSD,11540.76,11555.55,11222.4,11389.28,6056.99,68970665.29
2019-08-11,BTCUSD,11280.95,11585,11088.88,11540.76,7136.95,81187207.74
2019-08-10,BTCUSD,11856.1,11969.99,11170,11280.95,11858.29,135945488.68
2019-08-09,BTCUSD,11981,12040,11651.89,11856.1,11651.01,137817454.76
2019-08-08,BTCUSD,11975.03,12050,11451,11981,14293.07,168150034.46
2019-08-07,BTCUSD,11465.49,12147,11366.26,11975.03,20598.91,242719052.53
2019-08-06,BTCUSD,11819.49,12320.4,11187,11465.49,22435.3,263293176.05
2019-08-05,BTCUSD,10977.51,11950,10977.51,11819.49,22797.97,265552641.97
2019-08-04,BTCUSD,10820.76,11089.74,10572,10977.51,11307.7,122790872.27
2019-08-03,BTCUSD,10533.01,10922.08,10508.5,10820.76,9760.62,105140441.93
2019-08-02,BTCUSD,10405.94,10670,10321.42,10533.01,12702.37,133071450.51
2019-08-01,BTCUSD,10087.3,10497,9881,10405.94,14053.4,142808093.48
2019-07-31,BTCUSD,9589.01,10135.12,9570.01,10087.3,12455.48,123476349.95
2019-07-30,BTCUSD,9495.01,9839.83,9371.96,9589.01,8899.99,85175682.91
2019-07-29,BTCUSD,9533,9729.87,9356.75,9495.01,10251.81,97666125.59
2019-07-28,BTCUSD,9479.98,9669.11,9108.88,9533,8740.35,82510640.83
2019-07-27,BTCUSD,9843,10248.41,9298.19,9479.98,15997.56,154374846.12
2019-07-26,BTCUSD,9883.33,9898.03,9657.21,9843,10404.23,101720864.39
2019-07-25,BTCUSD,9772.6,10184.99,9734.58,9883.33,12420.64,124397441.04
2019-07-24,BTCUSD,9840.12,9919.08,9507.38,9772.6,17433.78,169006087.36
2019-07-23,BTCUSD,10323.39,10324.28,9800.23,9840.12,17517.98,175663149.04
2019-07-22,BTCUSD,10590.7,10688.14,10060,10323.39,14866.73,153890831.3
2019-07-21,BTCUSD,10761.03,10835,10320,10590.7,11363.1,120060585.75
2019-07-20,BTCUSD,10538.06,11112.31,10360.65,10761.03,16334.01,175315801.07
2019-07-19,BTCUSD,10649.07,10777.21,10111,10538.06,18921.67,197833777.04
2019-07-18,BTCUSD,9696.31,10799,9291,10649.07,30779.8,312100585.04
2019-07-17,BTCUSD,9422.72,9998,9071,9696.31,34221.67,327044568.7
2019-07-16,BTCUSD,10854.47,11040,9350,9422.72,39003.84,391332933.54
2019-07-15,BTCUSD,10185.03,11080.01,9857.27,10854.47,32702.15,339680844.07
2019-07-14,BTCUSD,11370.08,11467.27,10084.4,10185.03,23646.82,252705601.73
2019-07-13,BTCUSD,11802,11845,10814.4,11370.08,17186.06,194286516.0
2019-07-12,BTCUSD,11349,11950,11079.59,11802,18077.11,209057732.96
2019-07-11,BTCUSD,12097.96,12097.96,10933,11349,33577.18,386913445.85
2019-07-10,BTCUSD,12571.11,13202.63,11553.21,12097.96,37013.08,463096245.34
2019-07-09,BTCUSD,12293.53,12829.96,12122.33,12571.11,25072.06,313480512.25
2019-07-08,BTCUSD,11474.42,12395,11328.01,12293.53,18809.86,225134608.47
2019-07-07,BTCUSD,11237.77,11620,11084.31,11474.42,10663.42,121096932.55
2019-07-06,BTCUSD,11004.51,11723.6,10980.09,11237.77,15009.23,171204085.58
2019-07-05,BTCUSD,11136,11449.51,10761.8,11004.51,19943.95,221382404.02
2019-07-04,BTCUSD,11976.42,12064.26,11035.01,11136,21403.03,250208930.02
2019-07-03,BTCUSD,10829.18,12014.6,10829.18,11976.42,36836.85,419076229.34
2019-07-02,BTCUSD,10577.63,10925,9651,10829.18,41476.42,424791613.92
2019-07-01,BTCUSD,10761.26,11210.52,9953,10577.63,37633.9,396857365.17
2019-06-30,BTCUSD,11865.29,12200,10650.06,10761.26,26505.91,300275703.17
2019-06-29,BTCUSD,12360.45,12379.99,11318.94,11865.29,27300.42,323053833.66
2019-06-28,BTCUSD,11159.29,12444.77,10737.87,12360.45,41020.87,478598908.25
2019-06-27,BTCUSD,12927.44,13358.68,10300,11159.29,70145.65,810986479.74
2019-06-26,BTCUSD,11755.53,13868.44,11355.5,12927.44,70067.59,887887492.68
2019-06-25,BTCUSD,11032.32,11788.88,10997,11755.53,24269.79,275616891.91
2019-06-24,BTCUSD,10833.02,11091.97,10550.21,11032.32,15111.05,163828306.39
2019-06-23,BTCUSD,10666.86,11284.44,10490,10833.02,16785.16,181766886.66
2019-06-22,BTCUSD,10236.2,11215.89,10080,10666.86,36324.27,388841922.54
2019-06-21,BTCUSD,9531.21,10245,9531.21,10236.2,23563.85,231762275.5
2019-06-20,BTCUSD,9277.54,9599,9210.3,9531.21,11555.59,108849898.98
2019-06-19,BTCUSD,9078.48,9319.5,9035.75,9277.54,9173.83,84024077.51
2019-06-18,BTCUSD,9333.14,9359.48,8919.72,9078.48,15974.31,145785748.76
2019-06-17,BTCUSD,8975,9475,8975,9333.14,20193.67,187067381.07
2019-06-16,BTCUSD,8860.23,9388,8799.7,8975,21517.86,195495774.9
2019-06-15,BTCUSD,8697.46,8916.63,8594.99,8860.23,9570.17,83754588.25
2019-06-14,BTCUSD,8239.04,8738.92,8180.08,8697.46,12050.35,101649250.5
2019-06-13,BTCUSD,8176.02,8329.99,8048.75,8239.04,8580.58,70312788.92
2019-06-12,BTCUSD,7918.17,8292.43,7817,8176.02,12091.23,97661611.58
2019-06-11,BTCUSD,8015.69,8057.19,7702.83,7918.17,7678.33,60559900.94
2019-06-10,BTCUSD,7634.58,8097.35,7516.9,8015.69,9643.38,75882753.97
2019-06-09,BTCUSD,7930.14,7960,7508.77,7634.58,7444.03,57424828.7
2019-06-08,BTCUSD,7998.13,8059.99,7786.01,7930.14,5028.21,39813591.14
2019-06-07,BTCUSD,7805,8134.29,7756.79,7998.13,12180.97,97032689.73
2019-06-06,BTCUSD,7789.48,7874.68,7450,7805,12185.16,93809650.59
2019-06-05,BTCUSD,7670.96,7932.87,7570,7789.48,13129.0,101930422.5
2019-06-04,BTCUSD,8107.96,8107.96,7427,7670.96,28346.04,220919778.62
2019-06-03,BTCUSD,8736.55,8742.48,8030.46,8107.96,15411.03,129709204.64
2019-06-02,BTCUSD,8558.95,8834,8550,8736.55,5797.63,50359779.75
2019-06-01,BTCUSD,8554.06,8618,8452.21,8558.95,7486.03,63938535.91
2019-05-31,BTCUSD,8279.69,8580,8110,8554.06,16542.69,138188211.57
2019-05-30,BTCUSD,8662.44,9090,7972,8279.69,28840.7,246869165.36
2019-05-29,BTCUSD,8715.36,8760.43,8426.09,8662.44,12054.15,104110874.31
2019-05-28,BTCUSD,8772.29,8822.46,8545,8715.36,11661.23,101649625.62
2019-05-27,BTCUSD,8731.72,8947.88,8611.44,8772.29,17787.67,156467270.75
2019-05-26,BTCUSD,8063.81,8793.97,7881.7,8731.72,17405.83,147251813.53
2019-05-25,BTCUSD,8001.7,8149,7941.25,8063.81,5279.69,42493577.42
2019-05-24,BTCUSD,7881.98,8175,7794.73,8001.7,14607.52,116960242.04
2019-05-23,BTCUSD,7626.48,7984.9,7467.1,7881.98,14730.03,113748677.74
2019-05-22,BTCUSD,7951.7,8044.32,7506.12,7626.48,16456.9,128813352.15
2019-05-21,BTCUSD,7999.54,8112.99,7805.34,7951.7,14150.34,112626107.08
2019-05-20,BTCUSD,8200,8200,7570.31,7999.54,24116.51,190785429.44
2019-05-19,BTCUSD,7262.4,8315,7252.58,8200,23922.84,189749462.35
2019-05-18,BTCUSD,7363.69,7491.22,7204.42,7262.4,10869.93,79710779.2
2019-05-17,BTCUSD,7878.96,7940.75,6600,7363.69,42364.34,306073578.94
2019-05-16,BTCUSD,8203.32,8388,7660.74,7878.96,28652.1,229351414.47
2019-05-15,BTCUSD,7990.92,8308.16,7831.77,8203.32,24557.41,198263273.83
2019-05-14,BTCUSD,7824.93,8350,7621.27,7990.92,38350.83,305918292.1
2019-05-13,BTCUSD,6979.76,8190.55,6864.93,7824.93,44448.41,342496832.3
2019-05-12,BTCUSD,7219.95,7581.82,6755,6979.76,38995.21,278625499.63
2019-05-11,BTCUSD,6343.14,7464.13,6342.98,7219.95,36708.21,253954328.76
2019-05-10,BTCUSD,6153.09,6430,6108.81,6343.14,17453.65,109858987.7
2019-05-09,BTCUSD,5948.41,6171.1,5934.49,6153.09,15187.54,91832172.06
2019-05-08,BTCUSD,5748.45,5990,5656.26,5948.41,12046.11,70520738.79
2019-05-07,BTCUSD,5687.9,5966.37,5687.9,5907.47,6179.72,36226649.32
2019-05-06,BTCUSD,5715.86,5753.66,5564.93,5687.9,8983.11,50845866.17
2019-05-05,BTCUSD,5770.01,5782.22,5627.35,5715.86,5700.46,32582243.47
2019-05-04,BTCUSD,5657.4,5846.88,5512,5770.01,10457.85,59574202.73
2019-05-03,BTCUSD,5390.01,5796.93,5363,5657.4,19076.57,107785261.46
2019-05-02,BTCUSD,5321.15,5422.99,5306.09,5390.01,7181.06,38594320.08
2019-05-01,BTCUSD,5270.69,5358.39,5265.61,5321.15,7128.85,37828445.34
2019-04-30,BTCUSD,5148.25,5285,5126.25,5270.69,7203.05,37605608.19
2019-04-29,BTCUSD,5155,5189.54,5072.01,5148.25,7285.66,37509346.52
2019-04-28,BTCUSD,5170.6,5214.5,5101,5155,4907.63,25342814.44
2019-04-27,BTCUSD,5159.51,5221.24,5117.46,5170.6,4261.41,22026583.22
2019-04-26,BTCUSD,5134.81,5295.03,5041.14,5159.51,14211.29,73166930.82
2019-04-25,BTCUSD,5441.9,5512.12,4963,5134.81,16761.42,88265920.0
2019-04-24,BTCUSD,5532.75,5624.47,5374,5441.9,14767.24,80964479.93
2019-04-23,BTCUSD,5387.6,5650.01,5361.01,5532.75,17566.38,97351926.25
2019-04-22,BTCUSD,5297.64,5440.84,5250.45,5387.6,11965.4,63951509.97
2019-04-21,BTCUSD,5319.89,5349.16,5213.34,5297.64,5739.01,30311973.11
2019-04-20,BTCUSD,5290.37,5359.98,5260.24,5319.89,4881.14,25922272.83
2019-04-19,BTCUSD,5281.81,5359.47,5196.7,5290.37,6230.69,32806296.21
2019-04-18,BTCUSD,5227,5318.18,5222.26,5281.81,8214.7,43288888.25
2019-04-17,BTCUSD,5202.9,5272.32,5173.11,5227,7396.94,38598117.94
2019-04-16,BTCUSD,5029.99,5229.97,5016.45,5202.9,8604.75,44145827.38
2019-04-15,BTCUSD,5164.27,5193.01,4945.54,5029.99,9607.43,48834658.83
2019-04-14,BTCUSD,5066.22,5191.19,5013.81,5164.27,4401.42,22464397.43
2019-04-13,BTCUSD,5078.19,5123.28,5036.74,5066.22,4284.12,21783412.82
2019-04-12,BTCUSD,5040.12,5118.56,4901.99,5078.19,9858.67,49603600.11
2019-04-11,BTCUSD,5318.58,5342.74,4967.24,5040.12,15029.95,76928285.23
2019-04-10,BTCUSD,5193.49,5488,5164.49,5318.58,16026.52,85275526.27
2019-04-09,BTCUSD,5285.54,5287,5145,5193.49,9692.89,50561742.62
2019-04-08,BTCUSD,5194.79,5352.5,5132.28,5285.54,15523.75,81476130.3
2019-04-07,BTCUSD,5044.13,5270.33,5029.7,5194.79,10073.94,51868140.96
2019-04-06,BTCUSD,5040.66,5244.04,4925,5044.13,11990.17,60965228.53
2019-04-05,BTCUSD,4907.3,5066.59,4887.34,5040.66,11560.17,57721250.19
2019-04-04,BTCUSD,4975.97,5071.34,4778.84,4907.3,15160.91,75091028.79
2019-04-03,BTCUSD,4901.93,5345,4787.11,4975.97,33951.68,171922050.36
2019-04-02,BTCUSD,4137.01,5100.78,4133.15,4901.93,28678.1,134414183.73
2019-04-01,BTCUSD,4094.99,4149.5,4051.53,4137.01,7735.88,31901450.55
2019-03-19,BTCUSD,3970.5,3984.58,3969.58,3975.01,361.69,1438461.03
2019-03-18,BTCUSD,3967.01,4015.7,3937.69,3970.5,5416.76,21516929.92
2019-03-17,BTCUSD,3990,3991,3936.3,3967.01,3285.58,13030110.4
2019-03-16,BTCUSD,3902.8,4037.47,3900.93,3990,6188.47,24615016.13
2019-03-15,BTCUSD,3853.95,3910,3846.79,3902.8,6550.17,25436911.1
2019-03-14,BTCUSD,3851.02,3900,3779.28,3853.95,6992.9,26886698.0
2019-03-13,BTCUSD,3860,3871.02,3827.5,3851.02,5460.66,21041161.73
2019-03-12,BTCUSD,3849.68,3875.33,3798.16,3860,6489.22,24965536.42
2019-03-11,BTCUSD,3900.92,3911.83,3817.01,3849.68,5750.54,22190744.14
2019-03-10,BTCUSD,3917,3917,3867.84,3900.92,3444.59,13416590.84
2019-03-09,BTCUSD,3843.12,3947.33,3834.59,3917,5170.55,20142551.25
2019-03-08,BTCUSD,3857.05,3910.88,3771,3843.12,8160.65,31578776.48
2019-03-07,BTCUSD,3851.89,3891,3830.79,3857.05,6997.28,27045042.11
2019-03-06,BTCUSD,3844.59,3894.7,3812,3851.89,6615.04,25412172.29
2019-03-05,BTCUSD,3700.72,3874.98,3692.36,3844.59,8617.6,32710915.64
2019-03-04,BTCUSD,3786.93,3804.99,3672.39,3700.72,7793.41,28997773.37
2019-03-03,BTCUSD,3809.7,3815.48,3763.62,3786.93,3839.56,14578727.87
2019-03-02,BTCUSD,3806.17,3818.08,3763,3809.7,3583.18,13632830.38
2019-03-01,BTCUSD,3792.14,3843,3791.31,3806.17,6474.64,24705314.88
2019-02-28,BTCUSD,3799.92,3899.99,3755.21,3792.14,8766.86,33445250.63
2019-02-27,BTCUSD,3799.48,3823.13,3655,3799.92,7410.2,27975803.06
2019-02-26,BTCUSD,3818.79,3826.37,3763.71,3799.48,6309.89,23962925.76
2019-02-25,BTCUSD,3734.22,3860,3731.09,3818.79,10610.58,40365766.13
2019-02-24,BTCUSD,4110,4188.79,3712.84,3734.22,14145.95,55233424.46
2019-02-23,BTCUSD,3942.02,4156.1,3911.3,4110,9881.57,39860713.71
2019-02-22,BTCUSD,3897.71,3956.43,3886.15,3942.02,7477.11,29358924.77
2019-02-21,BTCUSD,3938.99,3988,3869.45,3897.71,8198.49,32077392.67
2019-02-20,BTCUSD,3888.01,3967.19,3867.13,3938.99,8325.53,32602642.37
2019-02-19,BTCUSD,3867,3969.54,3841.54,3888.01,13795.19,53982559.47
2019-02-18,BTCUSD,3625.08,3917,3616.18,3867,15037.03,56655317.89
2019-02-17,BTCUSD,3582.37,3675,3557.43,3625.08,5781.9,20780886.86
2019-02-16,BTCUSD,3566.59,3607.36,3565.5,3582.37,4156.81,14916499.5
2019-02-15,BTCUSD,3561.5,3620.22,3545.89,3566.59,6844.45,24453168.07
2019-02-14,BTCUSD,3576.68,3589,3535.1,3561.5,5661.32,20210454.73
2019-02-13,BTCUSD,3588.06,3627.99,3562.98,3576.68,6850.51,24541109.49
2019-02-12,BTCUSD,3590.36,3618.77,3550,3588.06,7722.15,27645391.28
2019-02-11,BTCUSD,3648.85,3652,3579.38,3590.36,8107.71,29178699.25
2019-02-10,BTCUSD,3623.73,3654.28,3578.59,3648.85,5165.23,18675524.41
2019-02-09,BTCUSD,3622,3642.11,3597,3623.73,4887.47,17674316.87
2019-02-08,BTCUSD,3359,3711,3344,3622,15716.99,55243279.17
2019-02-07,BTCUSD,3367.36,3383.14,3352.01,3359,8292.37,27907612.16
2019-02-06,BTCUSD,3428.4,3441,3340.8,3367.36,8897.36,30027779.92
2019-02-05,BTCUSD,3409.57,3429.46,3400,3428.4,5993.48,20484570.9
2019-02-04,BTCUSD,3414.78,3435,3395.1,3409.57,5727.22,19551500.4
2019-02-03,BTCUSD,3468.43,3471.76,3386.45,3414.78,4341.6,14864318.35
2019-02-02,BTCUSD,3437.5,3483.24,3414.49,3468.43,3813.96,13105971.91
2019-02-01,BTCUSD,3411.49,3458.26,3369.62,3437.5,8410.91,28763661.15
2019-01-31,BTCUSD,3437.55,3473.4,3396.74,3411.49,7148.39,24471669.15
2019-01-30,BTCUSD,3397.42,3459.41,3373.35,3437.55,8293.61,28405644.02
2019-01-29,BTCUSD,3429.95,3438.4,3337.87,3397.42,8168.2,27746463.85
2019-01-28,BTCUSD,3531.01,3535.92,3374.02,3429.95,11621.01,39919615.64
2019-01-27,BTCUSD,3556.07,3562.9,3471.98,3531.01,3868.19,13690073.61
2019-01-26,BTCUSD,3562.18,3657.76,3540,3556.07,4534.02,16208498.17
2019-01-25,BTCUSD,3568.97,3578.79,3510.01,3562.18,6547.88,23272887.24
2019-01-24,BTCUSD,3553.01,3595.83,3530.1,3568.97,5607.18,19952934.72
2019-01-23,BTCUSD,3577.03,3614.47,3523.64,3553.01,7628.41,27204598.72
2019-01-22,BTCUSD,3531.76,3611.5,3425,3577.03,8672.66,30775003.38
2019-01-21,BTCUSD,3536.19,3568.95,3487.37,3531.76,6240.95,22065763.42
2019-01-20,BTCUSD,3682.65,3703.39,3481.01,3536.19,6721.45,24022523.12
2019-01-19,BTCUSD,3607.85,3759.98,3604.9,3682.65,4765.26,17551096.43
2019-01-18,BTCUSD,3640.65,3643.69,3580.16,3607.85,5741.49,20744958.32
2019-01-17,BTCUSD,3609.71,3657,3541.29,3640.65,8526.63,30758678.41
2019-01-16,BTCUSD,3580.76,3666.73,3572.52,3609.71,8531.11,30758589.69
2019-01-15,BTCUSD,3664.19,3684.38,3540,3580.76,10048.6,36429393.35
2019-01-14,BTCUSD,3514.24,3711.1,3509.24,3664.19,10607.81,38411565.21
2019-01-13,BTCUSD,3619.41,3641.86,3482,3514.24,7072.38,25092340.55
2019-01-12,BTCUSD,3635.69,3649.18,3557.29,3619.41,5418.47,19639259.73
2019-01-11,BTCUSD,3626.12,3699.26,3576.09,3635.69,13866.3,50456331.51
2019-01-10,BTCUSD,4004.12,4035.21,3560,3626.12,18967.77,71162282.34
2019-01-09,BTCUSD,3993.86,4042.2,3962.12,4004.12,10180.99,40806556.14
2019-01-08,BTCUSD,4006.01,4114.8,3945,3993.86,12850.61,51608355.86
2019-01-07,BTCUSD,4040.99,4070,3968.79,4006.01,9408.71,37822045.68
2019-01-06,BTCUSD,3798.62,4088,3756.01,4040.99,8949.92,35451351.39
2019-01-05,BTCUSD,3820.25,3874.12,3775,3798.62,6205.09,23788949.1
2019-01-04,BTCUSD,3787.57,3849,3730,3820.25,8951.89,33883543.98
2019-01-03,BTCUSD,3890.79,3893.8,3758.07,3787.57,8715.63,33354904.32
2019-01-02,BTCUSD,3826.09,3916.57,3770.07,3890.79,9536.46,36593653.4
2019-01-01,BTCUSD,3691.86,3841.17,3651.02,3826.09,10364.91,38462527.75
2018-12-31,BTCUSD,3829,3835.4,3625.84,3691.86,11743.89,43908768.84
2018-12-30,BTCUSD,3729.31,3863.06,3691.01,3829,8281.34,31410502.18
2018-12-29,BTCUSD,3888.06,3944.33,3706,3729.31,8888.81,34339865.94
2018-12-28,BTCUSD,3589.89,3971.58,3576.12,3888.06,15655.27,59270515.49
2018-12-27,BTCUSD,3809.88,3841.21,3567,3589.89,12383.47,45731632.17
2018-12-26,BTCUSD,3780,3849.2,3685.02,3809.88,8763.53,33042372.79
2018-12-25,BTCUSD,4034,4045.41,3676.15,3780,11888.87,45000432.16
2018-12-24,BTCUSD,3944.93,4239.37,3944.92,4034,18459.12,76089211.12
2018-12-23,BTCUSD,3980.46,4050,3904.87,3944.93,9760.55,38817919.58
2018-12-22,BTCUSD,3839.06,4005,3790.16,3980.46,9641.35,37325618.06
2018-12-21,BTCUSD,4075.34,4162.27,3775,3839.06,21880.53,86954689.31
2018-12-20,BTCUSD,3682.51,4175,3661.5,4075.34,28862.88,114890624.61
2018-12-19,BTCUSD,3667.77,3928.15,3642.17,3682.51,27118.36,101817752.87
2018-12-18,BTCUSD,3496.82,3688,3436.5,3667.77,16101.1,56933990.4
2018-12-17,BTCUSD,3195,3585.95,3184.28,3496.82,20649.01,70639362.06
2018-12-16,BTCUSD,3183,3258,3181.24,3195,6960.21,22400415.44
2018-12-15,BTCUSD,3195.71,3228.69,3130,3183,9032.11,28655379.18
2018-12-14,BTCUSD,3265,3294.9,3135,3195.71,13684.44,44008088.91
2018-12-13,BTCUSD,3430.24,3439.63,3227.96,3265,13289.12,44246274.75
2018-12-12,BTCUSD,3349.36,3486.16,3325.58,3430.24,10238.1,34894094.7
2018-12-11,BTCUSD,3410.15,3424.92,3293.49,3355.68,10574.9,35539918.9
2018-12-10,BTCUSD,3531.18,3590.71,3354.97,3410.15,12950.67,44649594.52
2018-12-09,BTCUSD,3401,3642.51,3373.52,3531.18,11241.81,39534414.79
2018-12-08,BTCUSD,3380.01,3495,3253.66,3401,13145.57,44474430.73
2018-12-07,BTCUSD,3433.26,3544.99,3212,3380.01,34994.71,117571739.62
2018-12-06,BTCUSD,3694.39,3849,3401,3433.26,26157.21,95403129.31
2018-12-05,BTCUSD,3901.84,3912.53,3660,3694.39,14074.46,53225016.59
2018-12-04,BTCUSD,3833.47,4035.1,3732.43,3901.84,15556.85,60561979.03
2018-12-03,BTCUSD,4103.19,4119.98,3741.95,3833.47,15624.16,60988995.33
2018-12-02,BTCUSD,4142.01,4263.77,4036,4103.19,10461.93,43216163.42
2018-12-01,BTCUSD,3976,4275.42,3910.08,4142.01,9685.27,39839244.19
2018-11-30,BTCUSD,4248,4297.71,3869,3975.48,18112.45,73243944.12
2018-11-29,BTCUSD,4225.03,4410.52,4078.21,4248,19053.48,80634972.42
2018-11-28,BTCUSD,3775,4365,3775,4225.03,34203.59,140103162.28
2018-11-27,BTCUSD,3731.32,3830,3562.9,3775,22536.15,83514577.38
2018-11-26,BTCUSD,3936.69,4076.25,3510,3731.32,34144.92,128945499.1
2018-11-25,BTCUSD,3774.99,4120,3457.81,3936.69,36576.28,137761165.11
2018-11-24,BTCUSD,4283.8,4370.78,3650.84,3774.99,20501.98,81745237.63
2018-11-23,BTCUSD,4263.66,4366.05,4086.16,4283.8,18389.56,77685278.7
2018-11-22,BTCUSD,4545.11,4589,4238.69,4263.66,12107.2,53839728.96
2018-11-21,BTCUSD,4349.23,4627.55,4239.01,4545.11,27423.73,121800475.32
2018-11-20,BTCUSD,4733.5,4889,4035,4349.23,61797.01,275875686.16
2018-11-19,BTCUSD,5560,5560,4670.63,4733.5,36133.96,183124118.76
2018-11-18,BTCUSD,5504.17,5665,5503.34,5560,4599.14,25514015.42
2018-11-17,BTCUSD,5512.24,5544,5450.84,5504.17,4672.7,25633309.6
2018-11-16,BTCUSD,5579.52,5609.91,5410,5512.24,8839.08,48837088.75
2018-11-15,BTCUSD,5605.46,5645,5190,5579.52,20850.3,114060256.02
2018-11-14,BTCUSD,6259.35,6293.38,5281.01,5605.46,28948.74,165304900.05
2018-11-13,BTCUSD,6327.86,6328.22,6252.5,6259.35,4465.43,28083621.57
2018-11-12,BTCUSD,6357.6,6383.59,6305.95,6327.86,3498.83,22197659.45
2018-11-11,BTCUSD,6347.42,6360,6271.15,6357.6,2262.05,14319132.69
2018-11-10,BTCUSD,6334.89,6374,6327.46,6347.42,2366.56,15041644.97
2018-11-09,BTCUSD,6406.25,6415,6309.45,6334.89,4377.42,27842689.28
2018-11-08,BTCUSD,6503.12,6511.88,6391.99,6406.25,4929.29,31768725.31
2018-11-07,BTCUSD,6448.5,6540,6448.5,6503.12,5541.0,36042976.55
2018-11-06,BTCUSD,6404,6449.65,6387.82,6448.5,5257.68,33746528.33
2018-11-05,BTCUSD,6423.28,6439.99,6372,6404,3878.2,24833457.37
2018-11-04,BTCUSD,6331.96,6464.15,6314.82,6423.28,3785.22,24180829.93
2018-11-03,BTCUSD,6349.8,6351.7,6315.91,6331.96,2490.79,15776821.86
2018-11-02,BTCUSD,6343.99,6378.77,6333.94,6349.8,4003.06,25439682.42
2018-11-01,BTCUSD,6304.18,6360,6293.44,6343.99,4395.73,27752840.56
2018-10-31,BTCUSD,6267.63,6353.24,6203.72,6304.18,5061.85,31788070.1
2018-10-30,BTCUSD,6266,6289,6240.54,6267.63,4018.99,25168516.72
2018-10-29,BTCUSD,6403.62,6414.99,6211,6266,6219.19,39182076.98
2018-10-28,BTCUSD,6409.12,6415,6380.01,6403.62,2032.02,13008844.83
2018-10-27,BTCUSD,6404.87,6421.76,6390,6409.12,2264.63,14506617.0
2018-10-26,BTCUSD,6395.58,6450,6383.54,6404.87,3923.84,25128261.16
2018-10-25,BTCUSD,6415.97,6422,6379.74,6395.58,3446.96,22061255.74
2018-10-24,BTCUSD,6395.14,6470.99,6395.13,6415.97,5001.03,32142825.41
2018-10-23,BTCUSD,6407.65,6411.5,6360,6395.14,3884.63,24836419.59
2018-10-22,BTCUSD,6415.88,6427.63,6377.77,6407.65,3827.53,24503622.77
2018-10-21,BTCUSD,6414,6452.87,6405.57,6415.88,2497.64,16065758.0
2018-10-20,BTCUSD,6382.98,6420,6369.32,6414,3359.42,21491758.94
2018-10-19,BTCUSD,6394.96,6409.61,6355,6382.98,3708.25,23677548.56
2018-10-18,BTCUSD,6443.7,6489.83,6355,6394.96,6821.25,43810348.18
2018-10-17,BTCUSD,6457.11,6459.99,6411.19,6443.7,5281.04,34000548.91
2018-10-16,BTCUSD,6436.98,6436.98,6422.16,6422.16,0.0,0.0
2018-10-15,BTCUSD,6183.49,6810,6151.58,6436.98,19798.42,127885999.98
2018-10-14,BTCUSD,6196,6288.36,6151,6183.49,3657.22,22764662.69
2018-10-13,BTCUSD,6188.01,6212,6178,6196,3722.67,23074416.97
2018-10-12,BTCUSD,6154.69,6235.2,6111.97,6188.01,5412.96,33554630.61
2018-10-11,BTCUSD,6524.56,6524.56,6033.34,6154.69,18769.33,116335608.9
2018-10-10,BTCUSD,6589.48,6591.32,6445.48,6524.56,5989.36,39043016.27
2018-10-09,BTCUSD,6608.07,6612.86,6552.5,6589.48,4424.22,29122947.04
2018-10-08,BTCUSD,6570,6681.19,6545.63,6608.07,5158.8,34066647.32
2018-10-07,BTCUSD,6552.43,6585.01,6491.81,6570,2572.74,16824366.84
2018-10-06,BTCUSD,6593.94,6594.39,6536,6552.43,2686.64,17617374.75
2018-10-05,BTCUSD,6547.45,6641,6512.81,6593.94,4973.4,32597736.43
2018-10-04,BTCUSD,6466.03,6603.01,6455,6547.45,6292.98,41231044.84
2018-10-03,BTCUSD,6498.46,6507.95,6398.96,6466.03,6017.6,38792994.29
2018-10-02,BTCUSD,6572.83,6591.37,6452,6498.46,5283.88,34517949.11
2018-10-01,BTCUSD,6605,6639.33,6479.03,6572.83,6869.97,45113832.24
2018-09-30,BTCUSD,6582,6640.37,6523,6605,3604.16,23739483.01
2018-09-29,BTCUSD,6620.01,6620.01,6452.02,6582,4164.89,27236990.33
2018-09-28,BTCUSD,6680.01,6786.73,6528.13,6620.01,8630.93,57429631.92
2018-09-27,BTCUSD,6455.66,6734.78,6430,6680.01,7629.43,50049900.06
2018-09-26,BTCUSD,6436.89,6537.26,6380.62,6455.66,5767.65,37350373.43
2018-09-25,BTCUSD,6582.09,6582.1,6320.5,6436.89,8918.53,57200568.82
2018-09-24,BTCUSD,6696.99,6716.16,6555.99,6582.09,5245.81,34758698.5
2018-09-23,BTCUSD,6707.33,6777,6660.05,6696.99,3403.22,22806982.88
2018-09-22,BTCUSD,6750,6823,6628.01,6707.33,5114.24,34363292.87
2018-09-21,BTCUSD,6493.11,6777.1,6492.5,6750,10972.56,73208617.45
2018-09-20,BTCUSD,6386.94,6530,6337,6493.11,6573.75,42236058.52
2018-09-19,BTCUSD,6335.7,6511,6106.37,6386.94,9736.67,61712813.0
2018-09-18,BTCUSD,6250.7,6384.04,6228,6335.7,6009.83,37901046.74
2018-09-17,BTCUSD,6498,6529.75,6207.55,6250.7,8901.88,56553438.08
2018-09-16,BTCUSD,6518.68,6521.75,6324.9,6498,3191.64,20649801.91
2018-09-15,BTCUSD,6478.04,6565,6470,6518.68,3344.58,21811302.81
2018-09-14,BTCUSD,6485.99,6580,6378.05,6478.04,7312.68,47509635.88
2018-09-13,BTCUSD,6326,6530,6323.65,6485.99,9327.54,60165545.77
2018-09-12,BTCUSD,6282.53,6340.94,6194.88,6326,7259.91,45544454.52
2018-09-11,BTCUSD,6299.99,6405,6176.76,6282.53,7223.25,45346177.73
2018-09-10,BTCUSD,6235.01,6375.13,6221.49,6299.99,6841.81,43020287.34
2018-09-09,BTCUSD,6188,6450,6147,6235.01,5936.9,37341591.59
2018-09-08,BTCUSD,6395.01,6460,6116,6188,6748.54,42370156.36
2018-09-07,BTCUSD,6495,6530,6325,6395.01,8126.97,52306103.71
2018-09-06,BTCUSD,6687.96,6703.73,6272.73,6495,17927.95,115051401.95
2018-09-05,BTCUSD,7360,7384,6664.07,6687.96,14914.63,104385125.22
2018-09-04,BTCUSD,7256.98,7402.5,7229.94,7360,7717.62,56629839.78
2018-09-03,BTCUSD,7295,7338,7192.99,7256.98,5857.14,42567231.9
2018-09-02,BTCUSD,7191.08,7328.36,7130.01,7295,5648.04,40927690.96
2018-09-01,BTCUSD,7015.01,7275,7010.98,7191.08,5978.49,42717080.73
2018-08-31,BTCUSD,6983,7090.46,6884.49,7015.01,7685.76,53748713.61
2018-08-30,BTCUSD,7030.9,7048.66,6790,6983,7910.9,54632215.36
2018-08-29,BTCUSD,7071.01,7119,6907.42,7030.9,7424.03,52174844.41
2018-08-28,BTCUSD,6911.9,7128,6864.96,7071.01,11482.31,80511149.84
2018-08-27,BTCUSD,6709.98,6947.6,6654.13,6911.9,6994.99,47234694.38
2018-08-26,BTCUSD,6737.52,6773,6574.27,6709.98,4641.17,30988635.87
2018-08-25,BTCUSD,6690.88,6790,6668,6737.52,4761.32,32019192.31
2018-08-24,BTCUSD,6526.36,6719,6451.55,6690.88,7223.8,47501021.18
2018-08-23,BTCUSD,6359.99,6568.37,6348.69,6526.36,6856.61,44170875.0
2018-08-22,BTCUSD,6475.9,6890.65,6250,6359.99,15930.31,104341943.74
2018-08-21,BTCUSD,6258.74,6490,6249.12,6475.9,6584.39,42145909.64
2018-08-20,BTCUSD,6489.53,6525,6227.71,6258.74,7448.29,47749934.79
2018-08-19,BTCUSD,6396.64,6547.34,6328.45,6489.53,4432.89,28490268.61
2018-08-18,BTCUSD,6585.49,6613.23,6312,6396.64,6669.64,43017147.41
2018-08-17,BTCUSD,6315.9,6585.5,6290.39,6585.49,10578.77,68564601.79
2018-08-16,BTCUSD,6269.01,6475.01,6200,6315.9,8799.16,55858562.0
2018-08-15,BTCUSD,6195.01,6636,6189,6269.01,16811.85,107546758.9
2018-08-14,BTCUSD,6253.67,6258.32,5900,6195.01,17119.88,103854359.83
2018-08-13,BTCUSD,6316.01,6544.99,6143,6253.67,10179.58,64323059.55
2018-08-12,BTCUSD,6112.21,6112.21,6112.21,6112.21,0.0,0.0
2018-08-11,BTCUSD,6146.01,6190,6003,6112.21,4021.81,24551752.98
2018-08-10,BTCUSD,6546.46,6584.8,6015,6146.01,7740.13,48242242.25
2018-08-09,BTCUSD,6282.5,6633.21,6177.51,6546.46,13627.25,87452203.34
2018-08-08,BTCUSD,6718.22,6718.22,6121.04,6282.5,21222.61,135716565.21
2018-08-07,BTCUSD,6938,7152,6650,6718.22,10429.16,72216177.79
2018-08-06,BTCUSD,7030.01,7163,6840.06,6938,8425.87,58826812.92
2018-08-05,BTCUSD,7005,7086.52,6880,7030.01,6104.64,42664283.17
2018-08-04,BTCUSD,7414.08,7495,6940,7005,9218.69,65775392.46
2018-08-03,BTCUSD,7533.92,7538.53,7285,7414.08,10475.08,77574038.63
2018-08-02,BTCUSD,7603.99,7707.54,7462,7533.92,6722.46,50931754.41
2018-08-01,BTCUSD,7727.27,7750,7440.01,7603.99,10921.59,82623838.46
2018-07-31,BTCUSD,8170.01,8173.57,7634.22,7727.27,12000.2,93911260.29
2018-07-30,BTCUSD,8216.34,8274.92,7850,8170.01,9821.99,79392659.29
2018-07-29,BTCUSD,8228.9,8289.96,8127.87,8216.34,4059.13,33351348.24
2018-07-28,BTCUSD,8184.21,8230,8065,8228.9,3991.58,32614428.43
2018-07-27,BTCUSD,7931.99,8276.55,7787.29,8184.21,11584.49,93237668.65
2018-07-26,BTCUSD,8157.15,8290,7840,7931.99,11202.08,90818534.46
2018-07-25,BTCUSD,8401.01,8482.84,8042,8157.15,13863.11,114146044.03
2018-07-24,BTCUSD,7720.09,8488,7695.99,8401.01,18923.85,153677129.68
2018-07-23,BTCUSD,7397.8,7809,7378.26,7720.09,12070.76,92801603.09
2018-07-22,BTCUSD,7408,7569.69,7327.75,7397.8,5353.75,39868036.18
2018-07-21,BTCUSD,7334.46,7444.77,7204.32,7408,4853.63,35580481.69
2018-07-20,BTCUSD,7470.01,7687,7259.76,7334.46,9846.56,73047752.52
2018-07-19,BTCUSD,7378.99,7563.81,7281.42,7470.01,9683.79,71815627.59
2018-07-18,BTCUSD,7315.01,7584.85,7229.89,7378.99,15273.11,113266571.1
2018-07-17,BTCUSD,6728.81,7472.5,6663.51,7315.01,15108.63,107004977.08
2018-07-16,BTCUSD,6348.73,6750,6330.3,6728.81,8828.08,58194902.32
2018-07-15,BTCUSD,6248.65,6385.35,6233.26,6348.73,3669.02,23230467.01
2018-07-14,BTCUSD,6216.29,6323.68,6187,6248.65,2934.25,18320211.43
2018-07-13,BTCUSD,6249.75,6335.09,6121.53,6216.29,5827.07,36331369.65
2018-07-12,BTCUSD,6390.04,6390.04,6075.01,6249.75,8810.27,54928554.52
2018-07-11,BTCUSD,6303.7,6400,6281.01,6390.04,4926.29,31309175.0
2018-07-10,BTCUSD,6664.01,6679.47,6279,6303.7,7603.87,48994686.81
2018-07-09,BTCUSD,6701.97,6815.82,6625,6664.01,5072.92,34007270.21
2018-07-08,BTCUSD,6753.28,6778.31,6671,6701.97,3126.09,21059821.76
2018-07-07,BTCUSD,6600,6843.26,6512,6753.28,4201.2,27817256.98
2018-07-06,BTCUSD,6532.95,6639,6452.2,6600,4997.83,32760665.2
2018-07-05,BTCUSD,6587.47,6700,6449.5,6532.95,6719.91,44183353.29
2018-07-04,BTCUSD,6502.62,6794.99,6411.51,6587.47,6542.58,43252522.96
2018-07-03,BTCUSD,6611.79,6673.99,6465,6502.62,6352.02,41823454.57
2018-07-02,BTCUSD,6349.5,6669.99,6270.01,6611.79,8121.3,53027923.04
2018-07-01,BTCUSD,6383.19,6424.14,6256.76,6349.5,3880.62,24628052.11
2018-06-30,BTCUSD,6202.36,6520.15,6185,6383.19,6547.95,41740609.64
2018-06-29,BTCUSD,5851.66,6300,5790.01,6202.36,10629.32,63391179.25
2018-06-28,BTCUSD,6132.17,6161.47,5818,5851.66,7418.41,44664591.84
2018-06-27,BTCUSD,6074.94,6175.43,5984.11,6132.17,6792.7,41399520.28
2018-06-26,BTCUSD,6246.01,6271,6024.99,6074.94,6253.3,38645723.81
2018-06-25,BTCUSD,6149.99,6340.01,6070.13,6246.01,8807.46,54715582.75
2018-06-24,BTCUSD,6178.29,6255.8,5777,6149.99,12695.65,76443754.14
2018-06-23,BTCUSD,6059.82,6250,6040.01,6178.29,5908.17,36244141.37
2018-06-22,BTCUSD,6719.01,6725,5921.21,6059.82,16911.16,105561912.61
2018-06-21,BTCUSD,6756.1,6787,6682.3,6719.01,4182.1,28146891.35
2018-06-20,BTCUSD,6736.41,6817,6557.66,6756.1,6488.5,43427008.47
2018-06-19,BTCUSD,6709.02,6829.06,6670.01,6736.41,6092.32,40990235.23
2018-06-18,BTCUSD,6447.16,6795,6385,6709.02,7725.85,50862772.08
2018-06-17,BTCUSD,6484.29,6570.01,6428.14,6447.16,3250.28,21122998.53
2018-06-16,BTCUSD,6391.22,6549.99,6330,6484.29,4442.03,28678398.29
2018-06-15,BTCUSD,6638.49,6659.99,6370,6391.22,6903.72,45121373.39
2018-06-14,BTCUSD,6302.32,6749.99,6269,6638.49,14198.23,92330049.17
2018-06-13,BTCUSD,6544.99,6618.95,6135,6302.32,16938.07,107919670.44
2018-06-12,BTCUSD,6881,6885.84,6450,6544.99,10182.01,67843714.24
2018-06-11,BTCUSD,6770.31,6913.83,6666.66,6881,11514.71,77860066.29
2018-06-10,BTCUSD,7496.4,7496.41,6652,6770.31,17537.54,121672118.26
2018-06-09,BTCUSD,7618.8,7679.61,7468,7496.4,2591.37,19705723.85
2018-06-08,BTCUSD,7684.93,7690,7536.58,7618.8,3898.49,29714138.4
2018-06-07,BTCUSD,7655,7747,7635,7684.93,4978.29,38285664.53
2018-06-06,BTCUSD,7612.51,7691,7484,7655,5566.79,42305009.7
2018-06-05,BTCUSD,7487.37,7677.5,7355,7612.51,5599.22,42039709.41
2018-06-04,BTCUSD,7706.37,7747.57,7447.61,7487.37,5644.33,42594288.27
2018-06-03,BTCUSD,7636.42,7777,7583.24,7706.37,4706.08,36217683.05
2018-06-02,BTCUSD,7514.32,7697.09,7440,7636.42,4702.68,35749666.62
2018-06-01,BTCUSD,7485,7599.99,7351.01,7514.32,6726.93,50201757.77
2018-05-31,BTCUSD,7380.01,7608.99,7340,7485,5809.56,43622416.7
2018-05-30,BTCUSD,7460,7557.78,7272.71,7380.01,6003.96,44492636.81
2018-05-29,BTCUSD,7107.94,7524.99,7058,7460,10110.69,73998239.29
2018-05-28,BTCUSD,7346.64,7444.8,7087,7107.94,7387.64,53420746.08
2018-05-27,BTCUSD,7337.95,7392.7,7229.01,7346.64,4381.6,31993637.04
2018-05-26,BTCUSD,7459.11,7640.46,7287.23,7337.95,4391.64,32866203.7
2018-05-25,BTCUSD,7584.15,7661.85,7326.94,7459.11,8491.93,63420692.82
2018-05-24,BTCUSD,7505,7734.99,7269,7584.15,11033.72,82931373.76
2018-05-23,BTCUSD,7987.7,8030,7433.19,7505,14905.99,114810431.52
2018-05-22,BTCUSD,8393.44,8400,7950,7987.7,6589.43,53897527.48
2018-05-21,BTCUSD,8516.86,8584.39,8309.23,8393.44,4844.48,40909022.48
2018-05-20,BTCUSD,8235.6,8596.74,8172,8516.86,4273.42,35902082.55
2018-05-19,BTCUSD,8238.51,8390,8152.54,8235.6,4117.42,34005517.03
2018-05-18,BTCUSD,8059,8279.63,7927.21,8238.51,7715.22,62470941.97
2018-05-17,BTCUSD,8344,8482.01,8001,8059,7926.38,65295038.3
2018-05-16,BTCUSD,8477.46,8500,8104.99,8344,9914.22,81955959.22
2018-05-15,BTCUSD,8670,8847,8420.45,8477.46,10250.04,88297355.67
2018-05-14,BTCUSD,8686.1,8880.01,8289.79,8670,13418.34,115748349.75
2018-05-13,BTCUSD,8475,8774.32,8345,8686.1,6259.26,53639665.94
2018-05-12,BTCUSD,8403.33,8658.57,8223.43,8475,10792.17,90952428.28
2018-05-11,BTCUSD,9010.51,9010.51,8351,8403.33,15907.06,137940903.1
2018-05-10,BTCUSD,9300.08,9386.31,9001.01,9010.51,7218.76,66420658.6
2018-05-09,BTCUSD,9177.81,9370,8960,9300.08,8129.59,74546897.15
2018-05-08,BTCUSD,9353,9463.13,9050,9177.81,8950.5,82566086.42
2018-05-07,BTCUSD,9600,9619.55,9162.85,9353,9317.83,86959663.38
2018-05-06,BTCUSD,9800,9880,9390,9600,7112.87,68458545.47
2018-05-05,BTCUSD,9685,9948.12,9660.28,9800,8827.89,86787106.26
2018-05-04,BTCUSD,9725.74,9743.87,9465,9685,10013.2,96569125.26
2018-05-03,BTCUSD,9190.48,9800,9131,9725.74,13700.5,129425309.67
2018-05-02,BTCUSD,9072.29,9250.04,8990,9190.48,8212.95,74933819.79
2018-05-01,BTCUSD,9243.83,9245.37,8831.21,9072.29,10763.33,96666932.01
2018-04-30,BTCUSD,9389.01,9446.98,9119,9243.83,8320.14,77222420.62
2018-04-29,BTCUSD,9329.99,9512.5,9179.99,9389.01,7545.14,70623571.2
2018-04-28,BTCUSD,8922.55,9440.01,8863.42,9329.99,8413.13,77754446.67
2018-04-27,BTCUSD,9272.11,9369,8910,8922.55,11378.78,104539338.7
2018-04-26,BTCUSD,8865.98,9318,8660,9272.11,14759.34,131435230.31
2018-04-25,BTCUSD,9648,9763.49,8602.43,8865.98,29386.63,269894051.19
2018-04-24,BTCUSD,8931.3,9728.56,8930,9648,19437.27,181524168.29
2018-04-23,BTCUSD,8795.01,8991,8775.1,8931.3,7780.82,69214737.03
2018-04-22,BTCUSD,8915.42,9015,8754.01,8795.01,7215.69,64164105.31
2018-04-21,BTCUSD,8866.27,9038.87,8610.7,8915.42,11250.01,99156727.62
2018-04-20,BTCUSD,8274,8932.56,8216.21,8866.27,14891.29,126835932.42
2018-04-19,BTCUSD,8152.05,8300,8105,8274,11199.38,92034904.14
2018-04-18,BTCUSD,7892.1,8243.99,7879.8,8152.05,10071.0,81308219.64
2018-04-17,BTCUSD,8048.93,8162.5,7822,7892.1,10184.17,81563611.65
2018-04-16,BTCUSD,8355.25,8398.98,7905.99,8048.93,12617.3,102125725.69
2018-04-15,BTCUSD,8003.11,8392.56,8003.11,8355.25,9106.28,75015635.82
2018-04-14,BTCUSD,7893.19,8150,7830,8003.11,9036.54,72396037.5
2018-04-13,BTCUSD,7916,8220,7760,7893.19,20659.55,165216508.67
2018-04-12,BTCUSD,6942.99,8050,6767.77,7916,28395.32,214771004.86
2018-04-11,BTCUSD,6824.99,6974,6806.01,6942.99,7809.09,53835669.46
2018-04-10,BTCUSD,6771.13,6893.29,6661.19,6824.99,7126.47,48398352.42
2018-04-09,BTCUSD,7020.01,7169.53,6617,6771.13,12931.92,88680243.77
2018-04-08,BTCUSD,6894.01,7099.99,6891.83,7020.01,5869.72,41042355.66
2018-04-07,BTCUSD,6619.01,7059,6605.08,6894.01,9502.09,65545725.0
2018-04-06,BTCUSD,6785.85,6847,6518.88,6619.01,10149.64,67416432.95
2018-04-05,BTCUSD,6791.68,6923.1,6574,6785.85,13909.99,93740462.05
2018-04-04,BTCUSD,7424.9,7424.91,6708.46,6791.68,13910.56,97474965.59
2018-04-03,BTCUSD,7045.01,7520,7017,7424.9,17483.9,127896836.62
2018-04-02,BTCUSD,6816.01,7100,6777.28,7045.01,13713.65,95762835.6
2018-04-01,BTCUSD,6928.5,7044.46,6450,6816.01,14325.78,96628050.91
2018-03-31,BTCUSD,6848.01,7200,6780.19,6928.5,13622.58,95623991.66
2018-03-30,BTCUSD,7079.99,7275.35,6600,6848.01,27479.15,188520448.21
2018-03-29,BTCUSD,7942.72,7957,6905,7079.99,25708.79,189532739.92
2018-03-28,BTCUSD,7793.61,8088,7727.76,7942.72,10608.52,83867112.62
2018-03-27,BTCUSD,8145,8219.99,7757,7793.61,14466.67,115150613.44
2018-03-26,BTCUSD,8453,8498,7858.1,8145,18298.44,148145385.21
2018-03-25,BTCUSD,8531.34,8670,8359.99,8453,8511.92,72497141.51
2018-03-24,BTCUSD,8927.1,8999,8508,8531.34,11073.17,97652321.95
2018-03-23,BTCUSD,8715.09,8927.81,8280.04,8927.1,14212.8,121329830.07
2018-03-22,BTCUSD,8891.81,9073.93,8467.27,8715.09,13885.21,121308053.74
2018-03-21,BTCUSD,8900,9174,8745,8891.81,14536.32,130220366.18
2018-03-20,BTCUSD,8589.01,9046.26,8316.99,8900,18799.01,163562452.48
2018-03-19,BTCUSD,8192,8750.61,8110,8589.01,24075.67,201918172.73
2018-03-18,BTCUSD,7857.6,8302.73,7310,8192,29124.27,223313677.72
2018-03-17,BTCUSD,8275,8349.82,7751,7857.6,13146.15,105411863.17
2018-03-16,BTCUSD,8259.99,8600,7911,8275,16138.02,134277880.15
2018-03-15,BTCUSD,8207.02,8400,7666,8259.99,26426.13,213272177.69
2018-03-14,BTCUSD,9145.41,9340,7931,8207.02,25336.6,216554439.91
2018-03-13,BTCUSD,9120,9472.88,8855,9145.41,16059.63,146974006.13
2018-03-12,BTCUSD,9533.88,9890,8780.49,9120,19816.17,184885705.9
2018-03-11,BTCUSD,8795.44,9760,8516,9533.88,20534.85,188590778.78
2018-03-10,BTCUSD,9255,9514,8727.68,8795.44,16051.83,147598925.07
2018-03-09,BTCUSD,9304.89,9410,8370,9255,38841.8,344813643.69
2018-03-08,BTCUSD,9925,10098,9050,9304.89,21350.15,204726520.41
2018-03-07,BTCUSD,10700,10894,9400,9925,29225.23,294388277.15
2018-03-06,BTCUSD,11377.54,11395.63,10565.85,10700,16724.71,183282864.1
2018-03-05,BTCUSD,11469.9,11645.74,11340,11377.54,9470.43,109153960.71
2018-03-04,BTCUSD,11432.5,11487,11045.03,11469.9,7942.05,89511765.48
2018-03-03,BTCUSD,11000,11494.57,11000,11432.5,12066.71,136586889.1
2018-03-02,BTCUSD,10895.92,11149,10765,11000,12662.82,139077193.47
2018-03-01,BTCUSD,10307.27,11075,10213.99,10895.92,13824.45,147941445.98
2018-02-28,BTCUSD,10566.57,11044,10263,10307.27,17897.55,190456964.86
2018-02-27,BTCUSD,10300,10845.07,10133.33,10566.57,16465.19,173762145.96
2018-02-26,BTCUSD,9597.99,10447.74,9404,10300,17504.87,175797727.94
2018-02-25,BTCUSD,9688.62,9850,9324.75,9597.99,11129.51,106497962.91
2018-02-24,BTCUSD,10144.99,10494.14,9372.72,9688.62,18197.93,180155629.24
2018-02-23,BTCUSD,9830,10390.77,9576.43,10144.99,19664.01,196376198.63
2018-02-22,BTCUSD,10454.27,10900,9715.27,9830,26422.13,268890664.04
2018-02-21,BTCUSD,11235.57,11278.81,10250,10454.27,27910.71,300205501.44
2018-02-20,BTCUSD,11140,11775,11000,11235.57,24951.36,285961831.24
2018-02-19,BTCUSD,10380.04,11274.11,10297.39,11140,16154.08,175983581.77
2018-02-18,BTCUSD,11121.5,11299.1,10159,10380.04,24142.4,259535413.84
2018-02-17,BTCUSD,10167.49,11149,10057,11121.5,19222.9,205648014.78
2018-02-16,BTCUSD,10031.23,10307.68,9729.58,10167.49,16620.41,166819978.46
2018-02-15,BTCUSD,9472.98,10249.81,9342.46,10031.23,29789.74,293186307.35
2018-02-14,BTCUSD,8520.01,9482.5,8520,9472.98,22243.16,202543478.1
2018-02-13,BTCUSD,8872.28,8925,8393.1,8520.01,13139.47,113357334.82
2018-02-12,BTCUSD,8072.99,8950,8072.99,8872.28,18475.22,159371645.09
2018-02-11,BTCUSD,8547.49,8547.49,7857.78,8072.99,16176.24,132445927.41
2018-02-10,BTCUSD,8671.01,9090,8155.01,8547.49,22712.61,196226191.87
2018-02-09,BTCUSD,8218.1,8700,7750,8671.01,25750.68,212311612.74
2018-02-08,BTCUSD,7575.75,8625,7550,8218.1,29803.75,243905456.63
2018-02-07,BTCUSD,7688.46,8649.88,7212.82,7575.75,47816.08,379213828.59
2018-02-06,BTCUSD,6905.19,7948.89,5873,7688.46,85899.42,586030103.52
2018-02-05,BTCUSD,8167.9,8349.16,6426.94,6905.19,55053.58,400000801.63
2018-02-04,BTCUSD,9240,9350,7859,8167.9,22632.67,192692988.53
2018-02-03,BTCUSD,8787.52,9499,8115.48,9240,22376.49,199874964.47
2018-02-02,BTCUSD,9010.61,9090,7540,8787.52,47657.97,402616764.51
2018-02-01,BTCUSD,10099.99,10166.25,8400,9010.61,33299.38,304619253.28
2018-01-31,BTCUSD,9995,10299.95,9601.02,10099.99,18610.62,184380608.88
2018-01-30,BTCUSD,11123.01,11150,9714.84,9995,25138.03,258791883.91
2018-01-29,BTCUSD,11536,11570,10840,11123.01,10478.81,116748731.21
2018-01-28,BTCUSD,11319,11695,11234.99,11536,13109.53,150128732.8
2018-01-27,BTCUSD,11086.89,11494.08,10850,11319,11770.93,131986246.71
2018-01-26,BTCUSD,11118,11570,10305,11086.89,18029.05,197099538.1
2018-01-25,BTCUSD,11356.79,11690,10851,11118,12700.49,143410569.45
2018-01-24,BTCUSD,10824.94,11450,10457,11356.79,14157.04,155476131.13
2018-01-23,BTCUSD,10766.7,11370,9945,10824.94,20835.11,223535253.82
2018-01-22,BTCUSD,11518.16,11849,10025,10766.7,23186.08,250015050.83
2018-01-21,BTCUSD,12762.8,12762.8,11118,11518.16,15537.7,183763425.24
2018-01-20,BTCUSD,11498.99,12985.55,11498.99,12762.8,18087.06,224252854.57
2018-01-19,BTCUSD,11305.53,11973.99,11050,11498.99,15569.99,178499762.24
2018-01-18,BTCUSD,11200.01,12123.1,10687.21,11305.53,29065.2,335822136.99
2018-01-17,BTCUSD,11570.01,12358.89,9010,11200.01,60648.02,638793423.26
2018-01-16,BTCUSD,13590,13643.66,9928.62,11570.01,55998.79,658276609.32
2018-01-15,BTCUSD,13656.23,14253,13416,13590,9999.69,138344684.44
2018-01-14,BTCUSD,14187.95,14332.85,13110,13656.23,9965.91,135900260.3
2018-01-13,BTCUSD,13820,14500,13792.25,14187.95,9997.76,141996765.84
2018-01-12,BTCUSD,13308.06,14080.83,12900,13820,13970.64,190014298.75
2018-01-11,BTCUSD,14875.18,14970,12800.01,13308.06,25968.83,353069761.2
2018-01-10,BTCUSD,14480.99,14875.18,13550.01,14875.18,20897.79,297138669.05
2018-01-09,BTCUSD,14993.74,15384,14230,14480.99,14131.42,208863824.37
2018-01-08,BTCUSD,16174.22,16275,14000,14993.74,21174.24,319727096.94
2018-01-07,BTCUSD,17099,17115.01,15755.01,16174.22,10937.57,179675309.88
2018-01-06,BTCUSD,16960.01,17174,16251.01,17099,12927.52,216003326.18
2018-01-05,BTCUSD,15144.99,17178,14824.05,16960.01,20781.65,332879426.62
2018-01-04,BTCUSD,15098.14,15400,14230,15144.99,17980.39,267365600.79
2018-01-03,BTCUSD,14781.51,15400,14628,15098.14,16584.63,248696705.2
2018-01-02,BTCUSD,13480.01,15275,13005,14781.51,23957.87,339284691.72
2018-01-01,BTCUSD,13863.13,13889,12952.5,13480.01,11484.01,154169331.5
2017-12-31,BTCUSD,12839.99,14280.26,12633.8,13863.13,17428.57,234823165.7
2017-12-30,BTCUSD,14565.05,14639.79,12500,12839.99,25286.65,340875743.94
2017-12-29,BTCUSD,14450.01,15105.34,14041.81,14565.05,17235.04,251682459.86
2017-12-28,BTCUSD,15367.08,15489,13500,14450.01,27970.65,399465278.56
2017-12-27,BTCUSD,15790.88,16490,14524.37,15367.08,21861.4,339333880.04
2017-12-26,BTCUSD,14171.98,16148,14171.98,15790.88,20559.6,318500376.55
2017-12-25,BTCUSD,14221.94,14774,13500,14171.98,13602.12,192447600.8
2017-12-24,BTCUSD,15065.51,15109.27,13210,14221.94,22814.3,322577014.07
2017-12-23,BTCUSD,14210.57,16261,13750,15065.51,28360.96,427781719.57
2017-12-22,BTCUSD,15758.8,15974.95,10400,14210.57,90954.08,1237770940.71
2017-12-21,BTCUSD,16496.9,17364.57,15151,15758.8,25674.46,413174960.06
2017-12-20,BTCUSD,17838.73,17890,14301,16496.9,41730.03,696144937.83
2017-12-19,BTCUSD,19039,19099,16800,17838.73,29056.67,525375538.19
2017-12-18,BTCUSD,19378.99,19385,18200,19039,23595.21,443183201.65
2017-12-17,BTCUSD,19650,19891.99,19010,19378.99,19314.07,375805534.04
2017-12-16,BTCUSD,17738.67,19797,17630,19650,22172.19,415834390.13
2017-12-15,BTCUSD,16749.79,17899,16745,17738.67,25934.43,454043438.51
2017-12-14,BTCUSD,16689.61,17199.6,16256,16749.79,15611.48,261600088.22
2017-12-13,BTCUSD,17730.12,17900,15700,16689.61,28665.95,487487397.73
2017-12-12,BTCUSD,16885.75,18149.99,16375,17730.12,33282.64,573609404.06
2017-12-11,BTCUSD,15290.01,17493,15200,16885.75,35856.43,598018866.73
2017-12-10,BTCUSD,15309.98,16300,13501,15290.01,45612.48,676688697.75
2017-12-09,BTCUSD,16367.03,16499,13550,15309.98,37067.06,565865072.67
2017-12-08,BTCUSD,17390.01,17777.69,13788.99,16367.03,62052.71,1002053973.52
2017-12-07,BTCUSD,14090,19650.65,13500,17390.01,72755.19,1153995083.49
2017-12-06,BTCUSD,11718.35,14419.4,11717.5,14090,46838.72,605232973.86
2017-12-05,BTCUSD,11643.98,11875,11532,11718.35,17078.85,200348470.77
2017-12-04,BTCUSD,11290,11650,10950,11643.98,19613.4,223403467.06
2017-12-03,BTCUSD,10930.23,11891,10601,11290,29475.97,333644621.61
2017-12-02,BTCUSD,10869.84,11100,10701,10930.23,19398.54,212318715.61
2017-12-01,BTCUSD,9903,10937,9517,10869.84,32322.41,332593136.87
2017-11-30,BTCUSD,9935.98,10850,9135.6,9903,39839.39,396077980.48
2017-11-29,BTCUSD,9949,11485,8650,9935.98,62321.44,648689040.19
2017-11-28,BTCUSD,9768.71,9989.95,9705.99,9949,18593.31,183935168.26
2017-11-27,BTCUSD,9401.11,9795,9401,9768.71,24658.82,237996816.54
2017-11-26,BTCUSD,8795.5,9596,8795.5,9401.11,27570.05,253848242.79
2017-11-25,BTCUSD,8215.01,8795.5,8203.98,8795.5,16269.41,138667016.17
2017-11-24,BTCUSD,8031.16,8324,7900,8215.01,14058.33,115074384.4
2017-11-23,BTCUSD,8250,8274.98,8031.16,8031.16,11596.65,94874627.95
2017-11-22,BTCUSD,8109,8298.98,8103.13,8250,13440.42,110166489.05
2017-11-21,BTCUSD,8256.01,8375,7802.99,8109,29873.68,242616556.48
2017-11-20,BTCUSD,8031.82,8293.25,7969,8256.01,15462.22,126338474.9
2017-11-19,BTCUSD,7777.01,8098.62,7700,8031.82,14101.48,111726750.88
2017-11-18,BTCUSD,7714.71,7847.98,7502,7777.01,14577.26,112015874.75
2017-11-17,BTCUSD,7838.53,7988.5,7536,7714.71,23476.28,183649395.23
2017-11-16,BTCUSD,7294,7985.37,7130,7838.53,28093.1,212619502.38
2017-11-15,BTCUSD,6605,7349,6605,7294,27181.18,192021838.28
2017-11-14,BTCUSD,6535.87,6748,6465.41,6605,19194.55,126676994.16
2017-11-13,BTCUSD,5886.35,6841.45,5850,6535.87,35180.6,224769386.91
2017-11-12,BTCUSD,6346.7,6486,5511.11,5886.35,49705.69,299128196.06
2017-11-11,BTCUSD,6577.63,6894.99,6201.01,6346.7,25106.49,162556894.33
2017-11-10,BTCUSD,7156,7350,6426,6577.63,31858.14,216751466.5
2017-11-09,BTCUSD,7467.96,7470.01,7079,7156,17655.54,127736036.61
2017-11-08,BTCUSD,7126.63,7898,7031.66,7467.96,36774.83,272833126.47
2017-11-07,BTCUSD,6969.76,7232.84,6968.49,7126.63,14304.0,101527447.25
2017-11-06,BTCUSD,7392,7432.49,6900.73,6969.76,22562.22,161595096.68
2017-11-05,BTCUSD,7412.55,7630,7311.98,7392,15549.4,116482461.32
2017-11-04,BTCUSD,7170.01,7498,7011.1,7412.55,13482.54,98432731.02
2017-11-03,BTCUSD,7039.99,7449.99,6955.89,7170.01,23544.34,170481510.93
2017-11-02,BTCUSD,6783.69,7445,6759,7039.99,34494.67,241375563.83
2017-11-01,BTCUSD,6445.01,6783.69,6365.54,6783.69,20253.34,132837509.99
2017-10-31,BTCUSD,6124.16,6472.13,6099,6445.01,14184.69,89649009.44
2017-10-30,BTCUSD,6140.01,6200,6028,6124.16,8166.08,49920203.12
2017-10-29,BTCUSD,5752.01,6296,5728,6140.01,11846.4,71475582.64
2017-10-28,BTCUSD,5780,5894,5715,5752.01,5410.22,31239917.57
2017-10-27,BTCUSD,5891.61,5998,5708.8,5780,9127.48,53073484.78
2017-10-26,BTCUSD,5739.97,5985,5701,5891.61,11321.8,66281380.98
2017-10-25,BTCUSD,5525.43,5765,5376.71,5739.97,13672.23,75802977.78
2017-10-24,BTCUSD,5905.99,5906,5462.19,5525.43,17736.3,100232416.48
2017-10-23,BTCUSD,6005.05,6057.02,5650.98,5905.99,16263.88,95104164.3
2017-10-22,BTCUSD,6024.86,6082.3,5755.95,6005.05,10547.92,62384194.78
2017-10-21,BTCUSD,5989.1,6189.1,5868.26,6024.86,14273.15,86639153.42
2017-10-20,BTCUSD,5704.01,6063.99,5630,5989.1,16368.68,96636800.15
2017-10-19,BTCUSD,5574.44,5750,5529.44,5704.01,8748.55,49504221.95
2017-10-18,BTCUSD,5594,5600,5102,5574.44,17239.89,92801408.26
2017-10-17,BTCUSD,5754.9,5769.99,5525,5594,8715.92,48994082.43
2017-10-16,BTCUSD,5693.7,5785.3,5575.55,5754.9,8780.96,49971113.41
2017-10-15,BTCUSD,5819.13,5849.83,5455.5,5693.7,11691.8,65724633.19
2017-10-14,BTCUSD,5624.8,5839.8,5567.86,5819.13,8956.46,50956948.44
2017-10-13,BTCUSD,5440,5867,5390,5624.8,25811.46,145056663.39
2017-10-12,BTCUSD,4814.99,5440.92,4809.59,5440,19732.58,101825758.3
2017-10-11,BTCUSD,4750,4869.97,4720.21,4814.99,7206.03,34575558.1
2017-10-10,BTCUSD,4769.55,4925.65,4701.53,4750,13478.05,65048670.87
2017-10-09,BTCUSD,4603.49,4875.39,4561,4769.55,13964.95,65839640.33
2017-10-08,BTCUSD,4425,4612,4420.01,4603.49,7061.5,31973796.86
2017-10-07,BTCUSD,4362.99,4449.42,4320,4425,4030.37,17603265.19
2017-10-06,BTCUSD,4320.04,4407,4299.99,4362.99,6378.97,27830618.39
2017-10-05,BTCUSD,4214.84,4364.59,4150.01,4320.04,6376.05,27248452.17
2017-10-04,BTCUSD,4307.99,4344,4179.99,4214.84,6228.33,26429993.54
2017-10-03,BTCUSD,4392.71,4419.95,4242,4307.99,10224.79,44098557.39
2017-10-02,BTCUSD,4394.81,4470,4354.99,4392.71,8419.64,37066029.74
2017-10-01,BTCUSD,4339,4396.99,4256.92,4394.81,5295.5,22874518.07
2017-09-30,BTCUSD,4156.99,4356.28,4143.52,4339,6098.67,26085227.99
2017-09-29,BTCUSD,4189.42,4212.99,4015.17,4156.99,10171.48,42040804.57
2017-09-28,BTCUSD,4200,4269.95,4122,4189.42,7742.77,32430082.81
2017-09-27,BTCUSD,3885.09,4228.39,3880.36,4200,11758.34,48054132.22
2017-09-26,BTCUSD,3919.78,3960,3854.29,3885.09,5852.48,22927669.2
2017-09-25,BTCUSD,3669.01,3969.37,3669.01,3919.78,9249.85,35709598.52
2017-09-24,BTCUSD,3787.33,3789.36,3630.01,3669.01,4616.12,17095428.57
2017-09-23,BTCUSD,3619.01,3818.89,3580,3787.33,6515.95,24320131.0
2017-09-22,BTCUSD,3617.47,3767.77,3509.79,3619.01,12552.38,45460297.6
2017-09-21,BTCUSD,3867.05,3903.57,3571,3617.47,14575.36,54517167.59
2017-09-20,BTCUSD,3910.11,4044,3850.01,3867.05,9809.81,38646206.72
2017-09-19,BTCUSD,4100,4125.22,3850.44,3910.11,13483.26,53496013.6
2017-09-18,BTCUSD,3719.97,4130,3717.56,4100,16833.07,66838572.8
2017-09-17,BTCUSD,3726.51,3841,3475.64,3719.97,11592.24,42611788.18
2017-09-16,BTCUSD,3740.02,4042.98,3600,3726.51,18529.74,70081802.46
2017-09-15,BTCUSD,3250.4,3894.48,2975.01,3740.02,53365.89,183946441.48
2017-09-14,BTCUSD,3855.32,3923,3230.05,3250.4,35375.4,123900624.45
2017-09-13,BTCUSD,4164.52,4174.53,3726,3855.32,22314.17,87409345.37
2017-09-12,BTCUSD,4210.72,4375.37,4080,4164.52,12054.71,50887307.29
2017-09-11,BTCUSD,4251.36,4365,4111.14,4210.72,9037.83,38136891.11
2017-09-10,BTCUSD,4334.36,4349.99,4139,4251.36,10061.08,42674155.25
2017-09-09,BTCUSD,4350,4449.95,4180,4334.36,9821.45,42367541.74
2017-09-08,BTCUSD,4624.18,4679.99,4140,4350,21495.34,94143247.81
2017-09-07,BTCUSD,4616.18,4665.44,4475.01,4624.18,8402.48,38540786.36
2017-09-06,BTCUSD,4432.51,4692,4431,4616.18,15975.31,73082808.58
2017-09-05,BTCUSD,4498.25,4514.95,4242.38,4432.51,17081.16,74966475.18
2017-09-04,BTCUSD,4626.05,4628.05,4234.16,4498.25,20043.59,88935958.01
2017-09-03,BTCUSD,4649.99,4749.99,4524,4626.05,11393.09,52773397.7
2017-09-02,BTCUSD,4947.99,4980,4500,4649.99,19262.07,90656456.73
2017-09-01,BTCUSD,4743.94,4948,4706,4947.99,16664.55,80444245.2
2017-08-31,BTCUSD,4581.98,4769.03,4580.85,4743.94,13483.89,63272065.04
2017-08-30,BTCUSD,4599,4635.21,4500.55,4581.98,10230.63,46857100.68
2017-08-29,BTCUSD,4384.99,4656.83,4350,4599,14176.56,64010131.84
2017-08-28,BTCUSD,4340.11,4396,4200,4384.99,10067.66,43421851.0
2017-08-27,BTCUSD,4344.32,4392,4309.87,4340.11,7031.84,30574019.21
2017-08-26,BTCUSD,4360,4374.39,4260.01,4344.32,6123.33,26425712.62
2017-08-25,BTCUSD,4312.03,4453.9,4284.01,4360,10907.41,47600097.2
2017-08-24,BTCUSD,4143.49,4349.99,4112.76,4312.03,10245.72,43193513.87
2017-08-23,BTCUSD,4092,4247.88,4058.26,4143.49,11731.12,48707099.36
2017-08-22,BTCUSD,4002,4145,3583.46,4092,21882.51,85428060.35
2017-08-21,BTCUSD,4050.99,4089.99,3950.88,4002,12407.92,49900089.01
2017-08-20,BTCUSD,4157.41,4190.21,4044.52,4050.99,8316.8,34143680.64
2017-08-19,BTCUSD,4101.72,4186.1,4000,4157.41,10488.38,42963832.35
2017-08-18,BTCUSD,4280.01,4350,3960.47,4101.72,20732.84,86401459.78
2017-08-17,BTCUSD,4370.01,4469,4180,4280.01,19967.11,86539866.92
2017-08-16,BTCUSD,4159.93,4385.5,3928.82,4370.01,17943.01,75240963.38
2017-08-15,BTCUSD,4320.6,4434.42,3807.14,4159.93,31972.64,132096996.58
2017-08-14,BTCUSD,4060.47,4328,3985.01,4320.6,20028.5,84385621.47
2017-08-13,BTCUSD,3874,4200,3850,4060.47,23497.53,94772860.99
2017-08-12,BTCUSD,3656.15,3974,3622.87,3874,18959.75,72179345.3
2017-08-11,BTCUSD,3444.98,3725,3416.86,3656.15,15282.54,54274972.61
2017-08-10,BTCUSD,3342.8,3448,3317,3444.98,9346.69,31823585.61
2017-08-09,BTCUSD,3422.43,3428.29,3232.62,3342.8,13069.77,43622279.67
2017-08-08,BTCUSD,3398.23,3489,3349.91,3422.43,15999.81,54708051.43
2017-08-07,BTCUSD,3222.22,3416,3190,3398.23,11321.74,37825761.3
2017-08-06,BTCUSD,3243.49,3278.42,3150,3222.22,8658.64,27905582.23
2017-08-05,BTCUSD,2857.34,3335,2857.34,3243.49,21555.81,67805790.23
2017-08-04,BTCUSD,2787.02,2877.79,2760,2857.34,7713.12,21820111.66
2017-08-03,BTCUSD,2699.9,2799,2699.89,2787.02,7425.48,20432558.19
2017-08-02,BTCUSD,2732.59,2758.06,2650,2699.9,8419.36,22806893.27
2017-08-01,BTCUSD,2856.88,2925,2676.01,2732.59,9748.05,27274075.44
2017-07-31,BTCUSD,2723.99,2900,2700,2856.88,11457.38,31934105.54
2017-07-30,BTCUSD,2700.21,2739.98,2500,2723.99,8285.65,22141218.83
2017-07-29,BTCUSD,2786.07,2790.99,2656,2700.21,9852.05,26753602.75
2017-07-28,BTCUSD,2664.99,2825.11,2655.55,2786.07,17160.15,47117225.57
2017-07-27,BTCUSD,2525.99,2686.2,2514.1,2664.99,10034.0,25896207.58
2017-07-26,BTCUSD,2564,2614,2403,2525.99,13004.94,32450797.28
2017-07-25,BTCUSD,2762.26,2782.44,2449.69,2564,19184.97,49786278.09
2017-07-24,BTCUSD,2754.28,2799.2,2726.8,2762.26,8089.48,22315494.58
2017-07-23,BTCUSD,2825.27,2848,2691,2754.28,10163.6,28206056.21
2017-07-22,BTCUSD,2657.45,2869.88,2646.95,2825.27,12218.23,34047336.05
2017-07-21,BTCUSD,2873.48,2880,2608.27,2657.45,23000.12,62655741.6
2017-07-20,BTCUSD,2258.99,2957,2258.99,2873.48,36426.12,95224924.02
2017-07-19,BTCUSD,2308.15,2396,2216,2258.99,18554.91,42636571.09
2017-07-18,BTCUSD,2235.19,2393.43,2134.37,2308.15,23757.42,54347412.3
2017-07-17,BTCUSD,1910.86,2238.07,1909.58,2235.19,21417.42,44389209.76
2017-07-16,BTCUSD,1964.31,2043.94,1758.2,1910.86,21724.33,41505690.82
2017-07-15,BTCUSD,2217.24,2224.82,1964.31,1964.31,16317.36,33774963.1
2017-07-14,BTCUSD,2340,2349.28,2150,2217.24,13545.78,30485817.5
2017-07-13,BTCUSD,2383.42,2416.79,2308.14,2340,9541.54,22504373.72
2017-07-12,BTCUSD,2310.01,2415,2250,2383.42,13833.16,32370449.29
2017-07-11,BTCUSD,2331.05,2410,2265,2310.01,15656.53,36742710.52
2017-07-10,BTCUSD,2508.99,2523,2250,2331.05,15546.11,37337372.05
2017-07-09,BTCUSD,2561.11,2579.84,2500,2508.99,5641.13,14378485.35
2017-07-08,BTCUSD,2501.15,2563.5,2471.22,2561.11,7863.7,19815908.98
2017-07-07,BTCUSD,2604.84,2607.61,2472,2501.15,11633.51,29556762.93
2017-07-06,BTCUSD,2616.96,2623.54,2580.69,2604.84,8196.24,21299383.82
2017-07-05,BTCUSD,2602,2630.24,2551.06,2616.96,10180.98,26311442.33
2017-07-04,BTCUSD,2542.41,2636.1,2542.18,2602,10674.88,27738629.19
2017-07-03,BTCUSD,2516.66,2584.78,2479.75,2542.41,10044.25,25374233.34
2017-07-02,BTCUSD,2423.63,2545,2385,2516.66,9074.98,22390734.2
2017-07-01,BTCUSD,2455.19,2515,2400,2423.63,8439.3,20673284.08
2017-06-30,BTCUSD,2530,2554.01,2446.2,2455.19,11858.83,29678375.81
2017-06-29,BTCUSD,2553.25,2591.98,2506.1,2530,9044.52,23136077.62
2017-06-28,BTCUSD,2575.75,2605,2457,2553.25,16231.45,41220616.65
2017-06-27,BTCUSD,2407.91,2575.75,2264,2575.75,22136.58,52984618.42
2017-06-26,BTCUSD,2505.61,2563.9,2258.34,2407.91,20235.14,48983191.55
2017-06-25,BTCUSD,2574.84,2625,2430.05,2505.61,13731.2,34777329.87
2017-06-24,BTCUSD,2690.76,2718.37,2503.05,2574.84,12805.31,33572509.88
2017-06-23,BTCUSD,2679.99,2743,2665,2690.76,9672.18,26159593.21
2017-06-22,BTCUSD,2643.35,2724.69,2598,2679.99,12169.41,32542456.3
2017-06-21,BTCUSD,2725.08,2781.59,2559.51,2643.35,17851.81,47907949.07
2017-06-20,BTCUSD,2596.98,2776.95,2585.42,2725.08,19187.68,51424936.93
2017-06-19,BTCUSD,2515.25,2597,2481.92,2596.98,13918.48,35543778.1
2017-06-18,BTCUSD,2634.94,2670,2455.01,2515.25,13824.24,35323480.3
2017-06-17,BTCUSD,2480.43,2679.24,2413.96,2634.94,17580.33,45110277.72
2017-06-16,BTCUSD,2409.98,2524.65,2287.84,2480.43,21883.35,53300334.08
2017-06-15,BTCUSD,2432.21,2525,2050,2409.98,41961.04,97366664.08
2017-06-14,BTCUSD,2709.01,2827,2330,2432.21,28214.96,73493488.11
2017-06-13,BTCUSD,2655.71,2798.99,2649.47,2709.01,19700.56,53405977.59
2017-06-12,BTCUSD,2998.98,2999.99,2463.89,2655.71,38782.22,106489469.25
2017-06-11,BTCUSD,2932.44,2998.99,2881,2998.98,16284.9,47812183.93
2017-06-10,BTCUSD,2811.39,2942.04,2801.25,2932.44,18725.26,53784803.71
2017-06-09,BTCUSD,2799.73,2861.58,2786.2,2811.39,11436.76,32328430.83
2017-06-08,BTCUSD,2685.64,2808.78,2611.41,2799.73,13441.89,36807139.13
2017-06-07,BTCUSD,2871.29,2885,2598.7,2685.64,19455.78,54064924.71
2017-06-06,BTCUSD,2698,2938.55,2674.69,2871.29,28585.64,80455860.83
2017-06-05,BTCUSD,2521.36,2698,2517.02,2698,13555.2,35379671.94
2017-06-04,BTCUSD,2548.05,2556.1,2469.98,2521.36,13818.9,34731078.54
2017-06-03,BTCUSD,2478.99,2599,2448,2548.05,13422.99,34057815.61
2017-06-02,BTCUSD,2419.99,2478.99,2379.44,2478.99,12886.75,31233024.17
2017-06-01,BTCUSD,2303.29,2488,2302,2419.99,21374.75,51298289.57
2017-05-31,BTCUSD,2191.58,2338.91,2173.8,2303.29,21703.01,48811158.76
2017-05-30,BTCUSD,2279.48,2336.88,2112.31,2191.58,20903.19,46888613.92
2017-05-29,BTCUSD,2232.78,2357.86,2141.12,2279.48,16913.03,38367350.68
2017-05-28,BTCUSD,2099.99,2342.99,2099.86,2232.78,18325.71,40767284.98
2017-05-27,BTCUSD,2272.7,2353.35,1913.19,2099.99,32405.36,68178918.74
2017-05-26,BTCUSD,2355,2683.18,2052.01,2272.7,31456.5,74423123.15
2017-05-25,BTCUSD,2432.97,2806,2226.86,2355,37154.19,95411628.24
2017-05-24,BTCUSD,2272.75,2474.69,2266.51,2432.97,24634.04,58438411.21
2017-05-23,BTCUSD,2123.29,2283,2100.86,2272.75,17597.47,39085146.43
2017-05-22,BTCUSD,2057,2298,1975,2123.29,29386.37,63623003.77
2017-05-21,BTCUSD,2058.91,2102.68,1988.6,2057,17754.97,36447719.59
2017-05-20,BTCUSD,1976.23,2059,1970.04,2058.91,13162.08,26442179.42
2017-05-19,BTCUSD,1899.16,1980,1890.73,1976.23,18952.5,36732672.84
2017-05-18,BTCUSD,1813.23,1900,1800,1899.16,11374.67,20955981.58
2017-05-17,BTCUSD,1777.48,1840,1745.05,1813.23,13798.13,24965845.0
2017-05-16,BTCUSD,1747.81,1777.76,1690.14,1777.48,11410.4,19877340.12
2017-05-15,BTCUSD,1799.99,1802.99,1702.42,1747.81,10184.06,17781390.83
2017-05-14,BTCUSD,1792.73,1829,1763.33,1799.99,6805.0,12233717.38
2017-05-13,BTCUSD,1695.61,1792.96,1610,1792.73,12343.39,21031366.67
2017-05-12,BTCUSD,1837.93,1838,1651.01,1695.61,16510.26,28920995.52
2017-05-11,BTCUSD,1794.99,1889,1770.95,1837.93,15706.28,28861459.58
2017-05-10,BTCUSD,1720.43,1799.99,1691.3,1794.99,13454.3,23678889.7
2017-05-09,BTCUSD,1713,1794.7,1630,1720.43,19681.55,33917096.94
2017-05-08,BTCUSD,1609.57,1713,1608,1713,15881.13,26118182.46
2017-05-07,BTCUSD,1585.39,1618.31,1563.87,1609.57,11731.35,18664960.32
2017-05-06,BTCUSD,1551.3,1598.89,1551.3,1585.39,9365.65,14823564.66
2017-05-05,BTCUSD,1563.39,1630,1535.11,1551.3,16885.42,26750302.07
2017-05-04,BTCUSD,1533,1665,1482.06,1563.39,26688.81,42002225.57
2017-05-03,BTCUSD,1471.99,1533,1453.68,1533,16309.77,24297378.54
2017-05-02,BTCUSD,1436.5,1492.93,1426.51,1471.99,11924.59,17430683.24
2017-05-01,BTCUSD,1384.55,1466.69,1370.98,1436.5,16970.38,24270726.42
2017-04-30,BTCUSD,1365.43,1394.51,1334.02,1384.55,10404.38,14123860.39
2017-04-29,BTCUSD,1353.34,1369.5,1335.64,1365.43,9662.11,13097071.21
2017-04-28,BTCUSD,1349.26,1381.01,1300.2,1353.34,13987.65,18738445.98
2017-04-27,BTCUSD,1298.44,1360,1295.39,1349.26,10484.74,13943766.53
2017-04-26,BTCUSD,1281.16,1320,1279.5,1298.44,9594.48,12468743.16
2017-04-25,BTCUSD,1257.29,1287,1256.16,1281.16,8116.55,10358852.83
2017-04-24,BTCUSD,1251.98,1261.16,1246.31,1257.29,5899.56,7392441.57
2017-04-23,BTCUSD,1247,1254,1236.2,1251.98,5020.57,6262999.38
2017-04-22,BTCUSD,1249.99,1253,1221.51,1247,6146.72,7652671.47
2017-04-21,BTCUSD,1236.15,1258.77,1236.15,1249.99,6666.81,8315576.66
2017-04-20,BTCUSD,1214.21,1240.6,1212.01,1236.15,7744.55,9501637.02
2017-04-19,BTCUSD,1201.94,1215.32,1191.09,1214.21,6271.07,7541444.0
2017-04-18,BTCUSD,1189.91,1206.65,1189.76,1201.94,6267.85,7513057.56
2017-04-17,BTCUSD,1177.99,1197.6,1170.85,1189.91,6546.71,7740345.7
2017-04-16,BTCUSD,1178.85,1189.93,1171.7,1177.99,3082.06,3641302.03
2017-04-15,BTCUSD,1173.74,1190.99,0.06,1178.85,3969.63,4656021.2
2017-04-14,BTCUSD,1177.05,1196.92,1170.14,1173.74,5666.05,6700478.0
2017-04-13,BTCUSD,1214.17,1219.49,1148.98,1177.05,9425.11,11144752.42
2017-04-12,BTCUSD,1223.99,1227.86,1209.61,1214.17,6491.4,7909230.94
2017-04-11,BTCUSD,1210,1234,1200,1223.99,5480.34,6672699.9
2017-04-10,BTCUSD,1210.97,1219.78,1201,1210,5640.01,6833607.77
2017-04-09,BTCUSD,1184.5,1221,1175.8,1210.97,5807.85,6968901.3
2017-04-08,BTCUSD,1194,1198,1170,1184.5,4413.74,5240032.49
2017-04-07,BTCUSD,1192.3,1203,1175.26,1194,6982.52,8325135.18
2017-04-06,BTCUSD,1132.99,1206.97,1132.98,1192.3,11217.35,13139193.22
2017-04-05,BTCUSD,1143.99,1144.99,1114.9,1132.99,8699.48,9834667.4
2017-04-04,BTCUSD,1152.6,1164.14,1124.98,1143.99,8956.84,10260007.65
2017-04-03,BTCUSD,1113.99,1168.72,1112.24,1152.6,12693.53,14518353.53
2017-04-02,BTCUSD,1092,1119,1080,1113.99,7881.93,8687910.02
2017-04-01,BTCUSD,1088.99,1110.95,1071.45,1092,6728.76,7333795.3
2017-03-31,BTCUSD,1042.08,1094.49,1038.11,1088.99,11267.16,12025956.85
2017-03-30,BTCUSD,1043.27,1052.94,1022,1042.08,8279.23,8605658.13
2017-03-29,BTCUSD,1045.4,1058.16,1005.77,1043.27,8674.7,8964891.79
2017-03-28,BTCUSD,1042.08,1069.39,1016.25,1045.4,9053.57,9443463.57
2017-03-27,BTCUSD,973.08,1045.9,961.1,1042.08,10224.27,10332075.31
2017-03-26,BTCUSD,963.72,1005,943.9,973.08,9477.98,9263551.31
2017-03-25,BTCUSD,934.87,973.99,890.05,963.72,16659.78,15482264.23
2017-03-24,BTCUSD,1025.14,1030.3,920.1,934.87,18942.25,18466267.82
2017-03-23,BTCUSD,1034.57,1057.41,1013,1025.14,7782.51,8051410.81
2017-03-22,BTCUSD,1114.42,1114.96,985.17,1034.57,14562.11,15191422.38
2017-03-21,BTCUSD,1044.96,1120,1042.68,1114.42,12220.65,13315860.87
2017-03-20,BTCUSD,1019.49,1051.97,1011,1044.96,8917.53,9236660.8
2017-03-19,BTCUSD,970,1062.92,961.59,1019.49,13459.28,13673904.2
2017-03-18,BTCUSD,1069.57,1096,919.44,970,23802.32,23864729.42
2017-03-17,BTCUSD,1175.11,1175.11,1065.74,1069.57,19180.33,21525410.36
2017-03-16,BTCUSD,1263,1277.27,1117.77,1175.11,16563.41,19993492.85
2017-03-15,BTCUSD,1247.42,1264.55,1240,1263,7231.55,9066015.71
2017-03-14,BTCUSD,1245.5,1262,1213.55,1247.42,7361.42,9181863.69
2017-03-13,BTCUSD,1235.58,1249,1206,1245.5,9305.89,11510707.74
2017-03-12,BTCUSD,1188.11,1244,1150,1235.58,6647.29,8046849.56
2017-03-11,BTCUSD,1109.01,1219,1107,1188.11,10245.5,11991828.62
2017-03-10,BTCUSD,1197.3,1360,956.85,1109.01,24876.28,29299755.83
2017-03-09,BTCUSD,1150.22,1214.95,1131.11,1197.3,8439.14,9971972.26
2017-03-08,BTCUSD,1237.36,1246,1128,1150.22,12878.03,15302820.79
2017-03-07,BTCUSD,1284.99,1288,1050,1237.36,10495.65,12996739.91
2017-03-06,BTCUSD,1278.98,1288,1268.78,1284.99,4750.05,6083879.09
2017-03-05,BTCUSD,1273.97,1278.99,1247.11,1278.98,3982.89,5047437.77
2017-03-04,BTCUSD,1292.86,1294.48,1226.41,1273.97,6365.75,8116484.94
2017-03-03,BTCUSD,1269.17,1294.99,1255.61,1292.86,8284.43,10584869.61
2017-03-02,BTCUSD,1230,1298.61,1220,1269.17,8889.98,11126835.43
2017-03-01,BTCUSD,1195.08,1230,1085.71,1230,8122.55,9871907.47
2017-02-28,BTCUSD,1195.81,1214.94,1179.64,1195.08,6719.3,8045113.07
2017-02-27,BTCUSD,1184.91,1198.99,1176,1195.81,5745.59,6840404.48
2017-02-26,BTCUSD,1158,1187.33,1130.88,1184.91,4446.08,5171217.77
2017-02-25,BTCUSD,1186.91,1189.49,1110,1158,5951.95,6897879.33
2017-02-24,BTCUSD,1186.9,1221.93,1103.32,1186.91,12632.88,14918263.8
2017-02-23,BTCUSD,1128.71,1197,1128.22,1186.9,7536.2,8722673.05
2017-02-22,BTCUSD,1128.29,1140,1104.9,1128.71,6034.25,6795717.0
2017-02-21,BTCUSD,1089.86,1132.95,1081.95,1128.29,7483.04,8280875.39
2017-02-20,BTCUSD,1059.88,1095,1051.36,1089.86,4430.97,4736133.26
2017-02-19,BTCUSD,1062.15,1067.78,1051.26,1059.88,3021.63,3196757.08
2017-02-18,BTCUSD,1057.3,1073.8,1055.6,1062.15,3934.58,4193929.1
2017-02-17,BTCUSD,1038.94,1064.6,1036.29,1057.3,6333.71,6667247.58
2017-02-16,BTCUSD,1014.53,1041.88,1013.02,1038.94,5993.8,6169767.63
2017-02-15,BTCUSD,1012.23,1016,1007.66,1014.53,4421.87,4477611.54
2017-02-14,BTCUSD,1002.56,1018.97,992.27,1012.23,5719.72,5765364.55
2017-02-13,BTCUSD,1010,1021.5,985.68,1002.56,4669.88,4682457.91
2017-02-12,BTCUSD,1018.43,1019.1,1008,1010,1314.42,1331571.04
2017-02-11,BTCUSD,1003.97,1023.89,995.49,1018.43,4377.32,4428942.37
2017-02-10,BTCUSD,985,1008,961,1003.97,7992.25,7864512.76
2017-02-09,BTCUSD,1059.14,1079,925,985,16261.21,16232978.41
2017-02-08,BTCUSD,1053.97,1069.95,1016.49,1059.14,6899.97,7253357.3
2017-02-07,BTCUSD,1024.39,1058.26,1020.82,1053.97,5566.34,5810502.77
2017-02-06,BTCUSD,1019.31,1027.7,1014.64,1024.39,4227.33,4321741.37
2017-02-05,BTCUSD,1035.84,1036.3,1003.02,1019.31,4675.46,4765461.2
2017-02-04,BTCUSD,1016.77,1044.12,1001.8,1035.84,4823.76,4931183.65
2017-02-03,BTCUSD,1007.66,1024.5,994.34,1016.77,6731.61,6815466.36
2017-02-02,BTCUSD,989.71,1010,978.74,1007.66,5623.69,5602317.03
2017-02-01,BTCUSD,970.92,991.38,963.84,989.71,5983.96,5835316.7
2017-01-31,BTCUSD,923.45,971.24,922.83,970.92,6624.94,6298153.61
2017-01-30,BTCUSD,917.31,923.95,914.69,923.45,3678.36,3385238.81
2017-01-29,BTCUSD,924.7,927.47,915,917.31,2498.61,2303176.25
2017-01-28,BTCUSD,923.4,925.5,921.5,924.7,2666.66,2463831.89
2017-01-27,BTCUSD,917.93,924.47,911,923.4,3705.4,3408119.32
2017-01-26,BTCUSD,896.81,921.95,896,917.93,4673.88,4254267.65
2017-01-25,BTCUSD,894.86,903.98,880,896.81,4570.62,4091652.34
2017-01-24,BTCUSD,924.24,924.24,888.2,894.86,6319.11,5729993.63
2017-01-23,BTCUSD,924.98,931.33,915.31,924.24,3908.89,3608644.31
2017-01-22,BTCUSD,925.36,946.25,902,924.98,4915.78,4556299.91
2017-01-21,BTCUSD,894.05,930,891.28,925.36,4545.67,4173035.76
2017-01-20,BTCUSD,901,904.59,890,894.05,3073.67,2761266.77
2017-01-19,BTCUSD,880,907,879.2,901,5127.03,4602695.23
2017-01-18,BTCUSD,907.58,916.7,850,880,6654.7,5878776.11
2017-01-17,BTCUSD,831.89,909,830.02,907.58,7258.23,6401902.01
2017-01-16,BTCUSD,830,840,826.03,831.89,3404.59,2840684.77
2017-01-15,BTCUSD,829.62,832.95,819,830,2806.12,2318657.22
2017-01-14,BTCUSD,830.79,847.52,822.34,829.62,4693.73,3914671.89
2017-01-13,BTCUSD,822.64,835.01,782.85,830.79,10564.13,8585304.65
2017-01-12,BTCUSD,801.5,840,734.64,822.64,13216.41,10452842.94
2017-01-11,BTCUSD,907.53,923.98,765,801.5,19216.16,15981885.83
2017-01-10,BTCUSD,905.41,915.1,899.01,907.53,7012.14,6354374.73
2017-01-09,BTCUSD,916.6,923.58,886.42,905.41,5960.04,5361215.98
2017-01-08,BTCUSD,903.7,953.8,899.16,916.6,5389.5,4975845.72
2017-01-07,BTCUSD,894.93,910,815.36,903.7,10653.91,9275168.47
2017-01-06,BTCUSD,995.05,1033.85,875.01,894.93,14144.34,13093482.53
2017-01-05,BTCUSD,1133,1175,880,995.05,20433.13,21144212.3
2017-01-04,BTCUSD,1035.19,1147,1018,1133,16438.41,17860477.54
2017-01-03,BTCUSD,1019.01,1036.69,1006.71,1035.19,7970.31,8132385.54
2017-01-02,BTCUSD,996.82,1034.39,986.86,1019.01,7657.44,7747191.18
2017-01-01,BTCUSD,970.47,1000,964.37,996.82,4380.47,4316334.81
2016-12-31,BTCUSD,962.63,971.53,949,970.47,3880.36,3726585.44
2016-12-30,BTCUSD,976.75,978.77,930.3,962.63,8055.58,7702979.43
2016-12-29,BTCUSD,981.92,988.88,950.5,976.75,8959.68,8712140.87
2016-12-28,BTCUSD,921.59,981.92,921.58,981.92,9644.81,9189366.89
2016-12-27,BTCUSD,901.98,943.36,895,921.59,6605.24,6094439.4
2016-12-26,BTCUSD,896.73,908.24,890,901.98,3337.4,3003307.27
2016-12-25,BTCUSD,887,897.09,851.11,896.73,5217.17,4546899.0
2016-12-24,BTCUSD,915.5,918.5,880.1,887,6494.37,5864390.24
2016-12-23,BTCUSD,858.01,918,853.6,915.5,12611.27,11303139.03
2016-12-22,BTCUSD,828.58,875.75,826.23,858.01,8904.03,7609856.54
2016-12-21,BTCUSD,797.99,832,797.98,828.58,8332.09,6794258.56
2016-12-20,BTCUSD,789.91,798,788.58,797.99,5825.84,4611344.9
2016-12-19,BTCUSD,790,794.99,789,789.91,5344.13,4234769.73
2016-12-18,BTCUSD,790.07,791.96,787.19,790,3023.1,2388142.87
2016-12-17,BTCUSD,785,791.97,779.5,790.07,4379.17,3450804.04
2016-12-16,BTCUSD,775,785,774.8,785,5541.5,4322740.99
2016-12-15,BTCUSD,777.72,780,775,775,5877.17,4575180.55
2016-12-14,BTCUSD,779.79,781.8,773.2,777.72,4488.82,3493421.26
2016-12-13,BTCUSD,778.71,790.3,772.76,779.79,5304.5,4143122.68
2016-12-12,BTCUSD,770.9,782,770.76,778.71,4353.46,3385595.47
2016-12-11,BTCUSD,775.98,776.18,765,770.9,3060.01,2355251.21
2016-12-10,BTCUSD,771.77,776.99,770,775.98,3431.35,2657798.79
2016-12-09,BTCUSD,768.35,772.87,765.83,771.77,3916.95,3016303.89
2016-12-08,BTCUSD,766.07,772.82,761.71,768.35,4743.95,3648295.87
2016-12-07,BTCUSD,764.3,768.9,762.21,766.07,2170.38,1662439.28
2016-12-06,BTCUSD,753.36,757.15,752,755.73,1222.47,923340.9
2016-12-05,BTCUSD,766.96,767.99,748.6,753.36,4829.26,3648661.03
2016-12-04,BTCUSD,766.52,769.76,762.83,766.96,2659.75,2037566.09
2016-12-03,BTCUSD,771.54,772.53,759,766.52,3289.9,2521958.71
2016-12-02,BTCUSD,753.57,780,753.26,771.54,5889.3,4521958.99
2016-12-01,BTCUSD,742.6,754.9,741.59,753.57,4159.29,3114420.63
2016-11-30,BTCUSD,731.8,745,729.17,742.6,3919.4,2894218.83
2016-11-29,BTCUSD,730.27,734.36,728.2,731.8,3825.88,2799548.85
2016-11-28,BTCUSD,729.01,736.44,728.74,730.27,3790.89,2772470.95
2016-11-27,BTCUSD,735.83,737.95,728.01,729.01,2613.1,1915798.65
2016-11-26,BTCUSD,739,739.99,726,735.83,2723.44,2000688.57
2016-11-25,BTCUSD,737.99,739,729,739,3088.94,2270107.19
2016-11-24,BTCUSD,741.76,743.99,727,737.99,3497.94,2578204.0
2016-11-23,BTCUSD,747,747.12,734,741.76,3627.33,2689537.69
2016-11-22,BTCUSD,735.81,748.77,726.38,747,3984.94,2953803.5
2016-11-21,BTCUSD,731,738.47,730,735.81,2951.25,2169609.46
2016-11-20,BTCUSD,750.38,753.81,715,731,4277.5,3141743.61
2016-11-19,BTCUSD,747.8,752.3,738,750.38,2981.81,2231496.42
2016-11-18,BTCUSD,736.57,751,728.89,747.8,4804.44,3566841.04
2016-11-17,BTCUSD,737.55,750.01,729.01,736.57,4124.02,3062565.11
2016-11-16,BTCUSD,712.41,743.8,710,737.55,6034.32,4395006.2
2016-11-15,BTCUSD,705.52,716.3,671.23,712.41,4403.4,3120205.49
2016-11-14,BTCUSD,703.98,708.57,695.07,705.52,4797.58,3370257.82
2016-11-13,BTCUSD,704.67,705.94,685.7,703.98,4166.31,2902831.61
2016-11-12,BTCUSD,714.77,716.99,702.42,704.67,3125.27,2215860.74
2016-11-11,BTCUSD,712.28,718.99,711.56,714.77,3334.54,2384291.54
2016-11-10,BTCUSD,721,723.61,705.84,712.28,4382.38,3129512.48
2016-11-09,BTCUSD,712.57,747.26,710.05,721,11991.35,8761367.79
2016-11-08,BTCUSD,706.82,716.45,704.16,712.57,4426.48,3141454.62
2016-11-07,BTCUSD,716.83,718.2,701.35,706.82,4063.11,2875930.33
2016-11-06,BTCUSD,706.9,719.83,705.86,716.83,2954.12,2103012.77
2016-11-05,BTCUSD,705.7,707.99,697.72,706.9,2994.26,2110536.08
2016-11-04,BTCUSD,688.93,708.33,683.8,705.7,5339.37,3732823.45
2016-11-03,BTCUSD,735.5,746.16,672.06,688.93,10308.26,7355902.02
2016-11-02,BTCUSD,731.16,735.5,720,735.5,4900.69,3560421.63
2016-11-01,BTCUSD,699.68,737.5,695.74,731.16,6901.4,4982875.37
2016-10-31,BTCUSD,697.65,709.68,681.01,699.68,4483.62,3133094.23
2016-10-30,BTCUSD,717.9,718,692.04,697.65,3731.47,2630815.45
2016-10-29,BTCUSD,689.65,725.64,688.89,717.9,6530.77,4645482.26
2016-10-28,BTCUSD,685.57,692.41,683.2,689.65,4606.4,3168209.12
2016-10-27,BTCUSD,674,692.01,673.28,685.57,6528.32,4465307.96
2016-10-26,BTCUSD,649.07,678,649.07,674,5829.22,3880856.87
2016-10-25,BTCUSD,649.75,657.5,648.99,649.07,4776.95,3123004.67
2016-10-24,BTCUSD,650.54,652.93,645.81,649.75,3631.3,2357292.33
2016-10-23,BTCUSD,655,655.8,645.33,650.54,3031.31,1974217.69
2016-10-22,BTCUSD,629.76,658,629.32,655,4535.76,2917971.98
2016-10-21,BTCUSD,627.83,633.41,627.5,629.76,4216.33,2655664.75
2016-10-20,BTCUSD,629.68,629.99,626.01,627.83,4066.85,2555702.95
2016-10-19,BTCUSD,634.97,636.99,625.6,629.68,4495.62,2837107.66
2016-10-18,BTCUSD,638.96,640,632.15,634.97,4078.62,2598863.48
2016-10-17,BTCUSD,642.53,643.47,636.27,638.96,3898.77,2493378.81
2016-10-16,BTCUSD,637.51,643.91,637.51,642.53,2461.82,1579872.51
2016-10-15,BTCUSD,638,639.99,636,637.51,684.15,436821.9
2016-10-14,BTCUSD,635.86,639.99,624.08,638,4411.45,2802101.88
2016-10-13,BTCUSD,636.92,639.85,632,635.86,3867.82,2461476.07
2016-10-12,BTCUSD,643.83,647.03,631.91,636.92,4493.04,2871479.02
2016-10-11,BTCUSD,618.31,643.83,618.08,643.83,6127.14,3870511.76
2016-10-10,BTCUSD,617.58,619.2,615.46,618.31,3855.57,2380713.85
2016-10-09,BTCUSD,619.59,619.59,617,617.58,2294.62,1418866.11
2016-10-08,BTCUSD,617.32,620,617.1,619.59,2798.31,1731592.52
2016-10-07,BTCUSD,611.83,618.7,609.89,617.32,5081.4,3125858.04
2016-10-06,BTCUSD,613.35,613.44,610.3,611.83,3868.36,2369472.57
2016-10-05,BTCUSD,609.25,614.24,609.22,613.35,4427.98,2709843.55
2016-10-04,BTCUSD,612.95,613.23,606.93,609.25,4959.1,3027774.37
2016-10-03,BTCUSD,612.41,615.24,610.7,612.95,4282.64,2624932.5
2016-10-02,BTCUSD,616,616,608.66,612.41,2898.23,1775073.57
2016-10-01,BTCUSD,607.65,617.19,607.6,616,3487.91,2140381.54
2016-09-30,BTCUSD,605.07,607.65,604.92,607.65,4626.36,2803982.57
2016-09-29,BTCUSD,604.98,606.89,603.56,605.07,4060.87,2458807.98
2016-09-28,BTCUSD,605.3,606,603.18,604.98,3650.93,2207748.0
2016-09-27,BTCUSD,606.82,607.54,601.38,605.3,4356.03,2635285.4
2016-09-26,BTCUSD,601.35,607.99,600.02,606.82,4220.87,2556428.88
2016-09-25,BTCUSD,603.69,605.99,599.42,601.35,2528.64,1522742.99
2016-09-24,BTCUSD,602.68,605.94,601.08,603.69,2661.79,1607181.22
2016-09-23,BTCUSD,595.25,603.3,595.14,602.68,3773.33,2262379.54
2016-09-22,BTCUSD,596.95,598.54,594.78,595.25,3983.13,2376886.2
2016-09-21,BTCUSD,608.98,609.92,592.63,596.95,5205.29,3115266.96
2016-09-20,BTCUSD,608.94,609.88,607.15,608.98,4275.58,2602065.54
2016-09-19,BTCUSD,610.99,612.46,607.4,608.94,3011.09,1835075.42
2016-09-18,BTCUSD,607.83,611.93,607.22,610.99,3099.56,1888621.18
2016-09-17,BTCUSD,607.75,608.99,604,607.83,2874.48,1746050.77
2016-09-16,BTCUSD,607.01,608.1,603.15,607.75,4232.67,2568415.72
2016-09-15,BTCUSD,608.95,609.49,603.85,607.01,3809.3,2315135.76
2016-09-14,BTCUSD,608.24,611.99,607.59,608.95,3746.32,2284331.22
2016-09-13,BTCUSD,607.48,609.99,605.16,608.24,3853.46,2342874.14
2016-09-12,BTCUSD,607.25,609.45,603,607.48,3922.28,2380333.51
2016-09-11,BTCUSD,625.1,630.11,591.8,607.25,4323.03,2664770.82
2016-09-10,BTCUSD,622.6,626.54,620.59,625.1,2734.98,1705058.58
2016-09-09,BTCUSD,628.77,628.77,618.25,622.6,4453.85,2772916.5
2016-09-08,BTCUSD,614.59,631.3,613.43,628.77,5252.72,3278225.35
2016-09-07,BTCUSD,612.37,618.53,609.21,614.59,4593.72,2819296.64
2016-09-06,BTCUSD,606.19,612.8,605.47,612.37,4143.07,2524594.99
2016-09-05,BTCUSD,611.82,611.99,601.63,606.19,2988.3,1814485.21
2016-09-04,BTCUSD,600.58,617.13,597.52,611.82,4608.39,2804791.32
2016-09-03,BTCUSD,575.38,600.99,574.67,600.58,4728.62,2763385.93
2016-09-02,BTCUSD,571.96,577.97,570,575.38,4869.74,2795447.84
2016-09-01,BTCUSD,571.59,573.32,568.12,571.96,5080.94,2902643.32
2016-08-31,BTCUSD,574.79,575.15,569.21,571.59,4385.72,2510270.46
2016-08-30,BTCUSD,573,576.83,572.53,574.79,4160.45,2391387.06
2016-08-29,BTCUSD,574.83,577.73,571.24,573,4541.78,2607534.39
2016-08-28,BTCUSD,570.42,574.99,569.65,574.83,2562.59,1466972.43
2016-08-27,BTCUSD,578.89,579.45,568.95,570.42,3037.12,1743045.86
2016-08-26,BTCUSD,576.16,579.86,574.85,578.89,3331.47,1925178.92
2016-08-25,BTCUSD,578.92,579.03,573.12,576.16,4119.58,2371117.85
2016-08-24,BTCUSD,582.58,582.68,575.29,578.92,3811.25,2208611.93